Area,NumberOfRooms,Zip,price,latitude,longitude
44.0,2.0,1057,225000,52.3670713,4.8531117
298.0,6.0,1081,2298000,52.3337697,4.8522405
141.0,5.0,1027,750000,52.4119015,4.9624584
371.0,5.0,1018,1750000,52.3683871,4.9180909
168.0,6.0,1060,490000,40.8046725,-73.9634204
82.0,3.0,1064,230000,52.3724594,4.8192201
66.0,3.0,1057,349000,52.3670713,4.8531117
82.0,3.0,1055,345000,52.3817073,4.8540225
75.0,3.0,1015,450000,52.3790928,4.885109
85.0,3.0,1087,295000,52.3555895,5.0005613
200.0,7.0,1016,1200000,52.3711467,4.8837046
118.0,5.0,1035,335000,52.4168952,4.9067666
90.0,3.0,1011,449000,52.3729762,4.9039565
90.0,5.0,1075,499000,52.3515641,4.856651
137.0,6.0,1104,Prijs op aanvraag,52.3164474,4.9802023
84.0,3.0,1016,735000,52.3711467,4.8837046
35.0,2.0,1066,165000,52.3431932,4.817434
173.0,4.0,1082,950000,52.3314299,4.8766928
56.0,3.0,1076,339000,52.3440889,4.860684
60.0,3.0,1069,167500,52.3576375,4.7901227
101.0,3.0,1072,675000,52.3522009,4.8903141
166.0,6.0,1016,1250000,52.3711467,4.8837046
51.0,2.0,1011,390000,52.3729762,4.9039565
98.0,3.0,1035,450000,52.4168952,4.9067666
51.0,2.0,1054,365000,52.3612327,4.8653587
50.0,3.0,1094,280000,52.3636588,4.9355226
63.0,3.0,1054,455000,52.3612327,4.8653587
65.0,3.0,1062,252500,52.3517216,4.8371533
88.0,2.0,1017,875000,52.3641851,4.8907747
246.0,7.0,1086,900000,52.3617208,4.981714
152.0,5.0,1068,650000,52.3624004,4.8042058
85.0,4.0,1023,400000,52.3870802,4.9496855
183.0,6.0,1069,795015,52.3576375,4.7901227
118.0,4.0,1066,335000,52.3431932,4.817434
100.0,3.0,1087,324936,52.3555895,5.0005613
52.0,2.0,1017,425000,52.3641851,4.8907747
52.0,2.0,1015,475000,52.3790928,4.885109
64.0,2.0,1102,135000,52.3135175,4.9547795
84.0,4.0,1107,229500,52.2912462,4.9773243
67.0,3.0,1023,350000,52.3870802,4.9496855
71.0,2.0,1082,300000,52.3314299,4.8766928
145.0,5.0,1098,1150000,52.3511236,4.9482332
49.0,2.0,1097,275000,52.3449297,4.9319025
72.0,1.0,1031,400000,52.3903988,4.9020632
85.0,4.0,1015,575000,52.3790928,4.885109
175.0,5.0,1066,589000,52.3431932,4.817434
127.0,5.0,1106,299000,52.3007124,4.9740506
187.0,5.0,1060,550000,40.8046725,-73.9634204
180.0,3.0,1082,1500000,52.3314299,4.8766928
158.0,7.0,1102,385000,52.3135175,4.9547795
76.0,6.0,1104,185000,52.3164474,4.9802023
71.0,3.0,1069,185000,52.3576375,4.7901227
142.0,3.0,1054,899000,52.3612327,4.8653587
81.0,3.0,1015,600000,52.3790928,4.885109
120.0,4.0,1069,325000,52.3576375,4.7901227
57.0,2.0,1054,340000,52.3612327,4.8653587
51.0,2.0,1103,139000,52.3234207,4.9728948
111.0,4.0,1097,600000,52.3449297,4.9319025
109.0,3.0,1082,465000,52.3314299,4.8766928
64.0,3.0,1098,375000,52.3511236,4.9482332
88.0,3.0,1023,500000,52.3870802,4.9496855
32.0,1.0,1055,170000,52.3817073,4.8540225
88.0,4.0,1055,450000,52.3817073,4.8540225
151.0,3.0,1011,895000,52.3729762,4.9039565
103.0,3.0,1017,739000,52.3641851,4.8907747
90.0,4.0,1067,300000,52.3765795,4.7834602
102.0,3.0,1087,390000,52.3555895,5.0005613
122.0,4.0,1011,950000,52.3729762,4.9039565
58.0,2.0,1011,460000,52.3729762,4.9039565
135.0,5.0,1087,525000,52.3555895,5.0005613
137.0,4.0,1077,850000,52.3435465,4.8738549
71.0,3.0,1034,219000,52.4076495,4.9172724
45.0,1.0,1012,350000,52.3733862,4.8940639
54.0,2.0,1093,300000,52.3612861,4.9284541
55.0,3.0,1098,340000,52.3511236,4.9482332
167.0,5.0,1059,795000,52.3460212,4.8461017
92.0,3.0,1095,465000,52.359026,4.9611967
118.0,3.0,1074,749000,52.351518,4.90679
151.0,5.0,1069,435000,52.3576375,4.7901227
66.0,2.0,1012,495000,52.3733862,4.8940639
93.0,3.0,1052,475000,52.3768523,4.87475
135.0,6.0,1065,475000,52.3560303,4.8296176
90.0,4.0,1079,449000,52.3421834,4.9067927
71.0,2.0,1025,250000,52.3996222,4.9369594
118.0,6.0,1098,798000,52.3511236,4.9482332
69.0,3.0,1056,295000,52.3732792,4.8544858
112.0,5.0,1061,349000,52.3730438,4.837568
89.0,3.0,1019,442500,52.3728583,4.9388278
185.0,5.0,1012,800000,52.3733862,4.8940639
105.0,5.0,1051,495000,52.3797728,4.8686235
181.0,4.0,1018,1140000,52.3683871,4.9180909
167.0,5.0,1026,800000,52.3812323,4.9935529
75.0,3.0,1092,400000,52.358913,4.9213875
98.0,2.0,1016,575000,52.3711467,4.8837046
54.0,2.0,1059,250000,52.3460212,4.8461017
80.0,3.0,1096,460000,52.3363412,4.9190299
61.0,4.0,1055,250000,52.3817073,4.8540225
119.0,3.0,1075,1080000,52.3515641,4.856651
53.0,3.0,1073,325000,52.351928,4.896904
114.0,4.0,1082,625000,52.3314299,4.8766928
104.0,4.0,1095,510000,52.359026,4.9611967
12.0,,1019,40000,52.3728583,4.9388278
426.0,0.0,1072,1900000,52.3522009,4.8903141
93.0,3.0,1081,360000,52.3337697,4.8522405
51.0,3.0,1061,242500,52.3730438,4.837568
54.0,3.0,1056,250000,52.3732792,4.8544858
177.0,6.0,1071,Prijs op aanvraag,52.3559882,4.8778762
62.0,2.0,1075,335000,52.3515641,4.856651
162.0,5.0,1012,1085000,52.3733862,4.8940639
160.0,7.0,1034,500000,52.4076495,4.9172724
66.0,3.0,1093,300000,52.3612861,4.9284541
70.0,3.0,1063,220000,52.3815295,4.825779
84.0,3.0,1096,539011,52.3363412,4.9190299
134.0,4.0,1019,599000,52.3728583,4.9388278
87.0,2.0,1013,500000,52.396789,4.8766067
66.0,2.0,1082,255000,52.3314299,4.8766928
90.0,3.0,1087,280000,52.3555895,5.0005613
171.0,3.0,1018,1125000,52.3683871,4.9180909
148.0,7.0,1015,925000,52.3790928,4.885109
28.0,1.0,1052,199000,52.3768523,4.87475
58.0,3.0,1079,335000,52.3421834,4.9067927
100.0,3.0,1067,298800,52.3765795,4.7834602
76.0,3.0,1011,525000,52.3729762,4.9039565
109.0,6.0,1079,600000,52.3421834,4.9067927
137.0,3.0,1011,749000,52.3729762,4.9039565
48.0,2.0,1094,232000,52.3636588,4.9355226
137.0,6.0,1069,325000,52.3576375,4.7901227
71.0,3.0,1068,249000,52.3624004,4.8042058
51.0,2.0,1058,239500,52.3583805,4.8494046
122.0,3.0,1015,775000,52.3790928,4.885109
182.0,8.0,1060,480000,40.8046725,-73.9634204
84.0,3.0,1077,550000,52.3435465,4.8738549
66.0,1.0,1072,365000,52.3522009,4.8903141
100.0,5.0,1107,265000,52.2912462,4.9773243
78.0,3.0,1025,200000,52.3996222,4.9369594
127.0,5.0,1103,315000,52.3234207,4.9728948
184.0,4.0,1060,545000,40.8046725,-73.9634204
106.0,3.0,1012,750000,52.3733862,4.8940639
67.0,4.0,1019,350000,52.3728583,4.9388278
99.0,3.0,1019,425000,52.3728583,4.9388278
507.0,2.0,1071,3695000,52.3559882,4.8778762
42.0,2.0,1055,215000,52.3817073,4.8540225
71.0,2.0,1053,395000,52.3663937,4.8695863
70.0,3.0,1104,160000,52.3164474,4.9802023
78.0,4.0,1082,325000,52.3314299,4.8766928
56.0,3.0,1072,399000,52.3522009,4.8903141
241.0,6.0,1017,2545000,52.3641851,4.8907747
98.0,3.0,1017,695000,52.3641851,4.8907747
87.0,3.0,1074,510000,52.351518,4.90679
104.0,4.0,1087,419000,52.3555895,5.0005613
58.0,3.0,1095,275000,52.359026,4.9611967
100.0,4.0,1097,575000,52.3449297,4.9319025
72.0,3.0,1057,325000,52.3670713,4.8531117
100.0,4.0,1068,245000,52.3624004,4.8042058
66.0,3.0,1082,275000,52.3314299,4.8766928
52.0,3.0,1094,289000,52.3636588,4.9355226
111.0,3.0,1064,415000,52.3724594,4.8192201
110.0,3.0,1069,320000,52.3576375,4.7901227
41.0,1.0,1082,219907,52.3314299,4.8766928
86.0,3.0,1018,475000,52.3683871,4.9180909
10.0,1.0,1056,68000,52.3732792,4.8544858
250.0,4.0,1022,840000,40.8033203,-73.9639621
199.0,4.0,1072,1500000,52.3522009,4.8903141
106.0,5.0,1082,445000,52.3314299,4.8766928
90.0,4.0,1091,425000,52.3565396,4.9143228
316.0,9.0,1071,2200000,52.3559882,4.8778762
31.0,1.0,1053,200000,52.3663937,4.8695863
185.0,5.0,1091,1700000,52.3565396,4.9143228
90.0,3.0,1091,440000,52.3565396,4.9143228
105.0,4.0,1104,Prijs op aanvraag,52.3164474,4.9802023
47.0,2.0,1054,325000,52.3612327,4.8653587
400.0,0.0,1054,1500000,52.3612327,4.8653587
146.0,3.0,1055,600000,52.3817073,4.8540225
265.0,5.0,1081,2300000,52.3337697,4.8522405
68.0,3.0,1072,400000,52.3522009,4.8903141
96.0,4.0,1011,685000,52.3729762,4.9039565
91.0,3.0,1078,500000,52.3441217,4.8922031
193.0,4.0,1071,1750000,52.3559882,4.8778762
32.0,2.0,1057,200000,52.3670713,4.8531117
150.0,6.0,1056,735000,52.3732792,4.8544858
99.0,4.0,1068,245000,52.3624004,4.8042058
96.0,4.0,1025,299750,52.3996222,4.9369594
96.0,3.0,1035,450000,52.4168952,4.9067666
100.0,4.0,1073,579000,52.351928,4.896904
112.0,5.0,1095,575000,52.359026,4.9611967
67.0,3.0,1055,300000,52.3817073,4.8540225
172.0,4.0,1025,750000,52.3996222,4.9369594
95.0,3.0,1054,625000,52.3612327,4.8653587
158.0,5.0,1097,825000,52.3449297,4.9319025
56.0,3.0,1079,337500,52.3421834,4.9067927
167.0,3.0,1054,1075000,52.3612327,4.8653587
37.0,2.0,1072,245000,52.3522009,4.8903141
163.0,7.0,1058,979000,52.3583805,4.8494046
69.0,2.0,1066,285000,52.3431932,4.817434
125.0,4.0,1077,805000,52.3435465,4.8738549
149.0,4.0,1083,670000,52.3297611,4.888615
149.0,5.0,1078,800000,52.3441217,4.8922031
91.0,3.0,1053,525000,52.3663937,4.8695863
395.0,3.0,1071,3995000,52.3559882,4.8778762
104.0,5.0,1056,500000,52.3732792,4.8544858
167.0,4.0,1015,1350000,52.3790928,4.885109
76.0,3.0,1034,199000,52.4076495,4.9172724
55.0,3.0,1055,275000,52.3817073,4.8540225
63.0,3.0,1024,200000,52.3934948,4.9558257
193.0,6.0,1087,1075000,52.3555895,5.0005613
77.0,4.0,1078,550000,52.3441217,4.8922031
100.0,4.0,1098,519000,52.3511236,4.9482332
178.0,4.0,1018,795000,52.3683871,4.9180909
85.0,3.0,1032,395000,52.395149,4.9162053
38.0,2.0,1013,295000,52.396789,4.8766067
118.0,4.0,1067,325000,52.3765795,4.7834602
153.0,5.0,1104,417500,52.3164474,4.9802023
148.0,5.0,1077,1400000,52.3435465,4.8738549
65.0,3.0,1091,365000,52.3565396,4.9143228
69.0,3.0,1107,169500,52.2912462,4.9773243
111.0,4.0,1066,450000,52.3431932,4.817434
101.0,3.0,1032,600000,52.395149,4.9162053
51.0,3.0,1056,250000,52.3732792,4.8544858
125.0,4.0,1054,825000,52.3612327,4.8653587
49.0,2.0,1056,295000,52.3732792,4.8544858
173.0,6.0,1066,535000,52.3431932,4.817434
56.0,3.0,1055,245000,52.3817073,4.8540225
10.0,,1013,28500,52.396789,4.8766067
118.0,5.0,1082,599000,52.3314299,4.8766928
51.0,2.0,1097,225000,52.3449297,4.9319025
46.0,2.0,1012,299000,52.3733862,4.8940639
42.0,2.0,1102,157500,52.3135175,4.9547795
105.0,4.0,1021,425000,52.3834657,4.9173131
86.0,2.0,1016,499500,52.3711467,4.8837046
139.0,4.0,1011,745000,52.3729762,4.9039565
85.0,2.0,1087,324500,52.3555895,5.0005613
57.0,2.0,1013,300000,52.396789,4.8766067
60.0,3.0,1058,314000,52.3583805,4.8494046
41.0,2.0,1015,339000,52.3790928,4.885109
115.0,5.0,1059,649000,52.3460212,4.8461017
36.0,2.0,1072,225000,52.3522009,4.8903141
496.0,1.0,1032,2480000,52.395149,4.9162053
165.0,5.0,1056,825000,52.3732792,4.8544858
72.0,4.0,1024,240000,52.3934948,4.9558257
230.0,7.0,1066,589000,52.3431932,4.817434
102.0,3.0,1034,395000,52.4076495,4.9172724
23.0,,1071,125000,52.3559882,4.8778762
52.0,3.0,1059,325000,52.3460212,4.8461017
40.0,2.0,1094,265000,52.3636588,4.9355226
111.0,5.0,1077,899000,52.3435465,4.8738549
110.0,2.0,1011,474000,52.3729762,4.9039565
58.0,3.0,1012,461840,52.3733862,4.8940639
86.0,3.0,1013,639000,52.396789,4.8766067
230.0,7.0,1087,750000,52.3555895,5.0005613
232.0,6.0,1016,1950000,52.3711467,4.8837046
166.0,6.0,1018,975000,52.3683871,4.9180909
82.0,3.0,1056,400000,52.3732792,4.8544858
70.0,4.0,1017,499000,52.3641851,4.8907747
373.0,8.0,1017,3980000,52.3641851,4.8907747
53.0,2.0,1018,275000,52.3683871,4.9180909
48.0,2.0,1095,285000,52.359026,4.9611967
55.0,3.0,1091,335000,52.3565396,4.9143228
98.0,3.0,1079,549500,52.3421834,4.9067927
81.0,3.0,1074,470000,52.351518,4.90679
125.0,5.0,1093,664000,52.3612861,4.9284541
165.0,4.0,1078,950000,52.3441217,4.8922031
99.0,4.0,1095,450000,52.359026,4.9611967
128.0,4.0,1060,325000,40.8046725,-73.9634204
124.0,3.0,1052,880000,52.3768523,4.87475
341.0,7.0,1082,2925000,52.3314299,4.8766928
138.0,4.0,1018,1000000,52.3683871,4.9180909
110.0,5.0,1066,350000,52.3431932,4.817434
131.0,6.0,1023,625000,52.3870802,4.9496855
51.0,3.0,1067,235000,52.3765795,4.7834602
86.0,4.0,1107,200000,52.2912462,4.9773243
12.0,,1019,40000,52.3728583,4.9388278
113.0,3.0,1056,524900,52.3732792,4.8544858
99.0,3.0,1102,225000,52.3135175,4.9547795
68.0,3.0,1107,195000,52.2912462,4.9773243
148.0,4.0,1081,925000,52.3337697,4.8522405
104.0,4.0,1016,465000,52.3711467,4.8837046
57.0,3.0,1057,285000,52.3670713,4.8531117
159.0,6.0,1071,1285000,52.3559882,4.8778762
92.0,6.0,1058,449000,52.3583805,4.8494046
125.0,5.0,1063,425000,52.3815295,4.825779
63.0,3.0,1102,199000,52.3135175,4.9547795
100.0,4.0,1051,540000,52.3797728,4.8686235
56.0,3.0,1055,289000,52.3817073,4.8540225
59.0,3.0,1065,220000,52.3560303,4.8296176
208.0,7.0,1086,685000,52.3617208,4.981714
244.0,8.0,1081,995000,52.3337697,4.8522405
204.0,0.0,1016,1375000,52.3711467,4.8837046
89.0,3.0,1096,560464,52.3363412,4.9190299
146.0,6.0,1098,925000,52.3511236,4.9482332
74.0,3.0,1071,575000,52.3559882,4.8778762
85.0,2.0,1055,395000,52.3817073,4.8540225
86.0,2.0,1012,600000,52.3733862,4.8940639
85.0,3.0,1017,825000,52.3641851,4.8907747
55.0,2.0,1107,165000,52.2912462,4.9773243
105.0,5.0,1069,319000,52.3576375,4.7901227
77.0,4.0,1019,400000,52.3728583,4.9388278
110.0,3.0,1017,150000,52.3641851,4.8907747
45.0,2.0,1095,245000,52.359026,4.9611967
105.0,3.0,1015,550000,52.3790928,4.885109
70.0,3.0,1019,299500,52.3728583,4.9388278
119.0,4.0,1056,600000,52.3732792,4.8544858
53.0,2.0,1056,289000,52.3732792,4.8544858
90.0,3.0,1056,475000,52.3732792,4.8544858
61.0,3.0,1091,350000,52.3565396,4.9143228
41.0,2.0,1097,175000,52.3449297,4.9319025
211.0,7.0,1014,1165864,52.3923045,4.8558842
37.0,2.0,1097,179000,52.3449297,4.9319025
70.0,2.0,1069,197500,52.3576375,4.7901227
116.0,4.0,1032,400000,52.395149,4.9162053
94.0,1.0,1098,350000,52.3511236,4.9482332
75.0,3.0,1077,475000,52.3435465,4.8738549
82.0,5.0,1023,300000,52.3870802,4.9496855
70.0,2.0,1054,500000,52.3612327,4.8653587
89.0,3.0,1033,289000,52.4095854,4.8868895
84.0,3.0,1060,325000,40.8046725,-73.9634204
71.0,4.0,1055,375000,52.3817073,4.8540225
105.0,4.0,1082,550000,52.3314299,4.8766928
41.0,2.0,1051,265000,52.3797728,4.8686235
57.0,3.0,1025,245000,52.3996222,4.9369594
104.0,4.0,1058,725000,52.3583805,4.8494046
171.0,5.0,1017,1105000,52.3641851,4.8907747
133.0,4.0,1078,800000,52.3441217,4.8922031
127.0,4.0,1077,975000,52.3435465,4.8738549
50.0,2.0,1012,400000,52.3733862,4.8940639
250.0,5.0,1098,1195000,52.3511236,4.9482332
123.0,4.0,1079,775000,52.3421834,4.9067927
158.0,6.0,1087,675000,52.3555895,5.0005613
181.0,7.0,1016,1399000,52.3711467,4.8837046
94.0,4.0,1034,215000,52.4076495,4.9172724
88.0,4.0,1060,239000,40.8046725,-73.9634204
29.0,1.0,1074,280000,52.351518,4.90679
68.0,3.0,1068,200000,52.3624004,4.8042058
108.0,4.0,1033,300000,52.4095854,4.8868895
83.0,3.0,1055,425000,52.3817073,4.8540225
82.0,3.0,1098,369000,52.3511236,4.9482332
109.0,3.0,1066,375000,52.3431932,4.817434
104.0,3.0,1015,875000,52.3790928,4.885109
71.0,3.0,1019,290000,52.3728583,4.9388278
87.0,4.0,1025,245000,52.3996222,4.9369594
165.0,5.0,1087,660000,52.3555895,5.0005613
374.0,6.0,1028,1500000,40.803583,-73.963863
113.0,4.0,1014,545995,52.3923045,4.8558842
181.0,6.0,1071,1650000,52.3559882,4.8778762
91.0,3.0,1087,350000,52.3555895,5.0005613
73.0,3.0,1057,395000,52.3670713,4.8531117
139.0,4.0,1060,439000,40.8046725,-73.9634204
589.0,,1018,59000,52.3683871,4.9180909
49.0,2.0,1092,265000,52.358913,4.9213875
110.0,4.0,1067,315000,52.3765795,4.7834602
98.0,4.0,1035,290000,52.4168952,4.9067666
94.0,4.0,1093,440000,52.3612861,4.9284541
102.0,3.0,1066,300000,52.3431932,4.817434
51.0,3.0,1073,299000,52.351928,4.896904
148.0,5.0,1019,699000,52.3728583,4.9388278
71.0,3.0,1107,162000,52.2912462,4.9773243
110.0,6.0,1109,369000,52.3110148,5.0140928
272.0,9.0,1077,2900000,52.3435465,4.8738549
123.0,4.0,1079,725000,52.3421834,4.9067927
89.0,3.0,1061,365000,52.3730438,4.837568
204.0,8.0,1014,1130465,52.3923045,4.8558842
162.0,3.0,1071,1150000,52.3559882,4.8778762
80.0,3.0,1094,325000,52.3636588,4.9355226
108.0,5.0,1106,249500,52.3007124,4.9740506
48.0,2.0,1074,275000,52.351518,4.90679
117.0,4.0,1106,269500,52.3007124,4.9740506
63.0,3.0,1091,350000,52.3565396,4.9143228
12.0,,1019,40000,52.3728583,4.9388278
60.0,2.0,1102,185000,52.3135175,4.9547795
105.0,3.0,1019,495000,52.3728583,4.9388278
99.0,3.0,1074,550000,52.351518,4.90679
171.0,5.0,1060,515000,40.8046725,-73.9634204
52.0,2.0,1012,300000,52.3733862,4.8940639
85.0,3.0,1094,425000,52.3636588,4.9355226
50.0,2.0,1016,328500,52.3711467,4.8837046
70.0,4.0,1055,289000,52.3817073,4.8540225
71.0,3.0,1106,174000,52.3007124,4.9740506
51.0,3.0,1061,242500,52.3730438,4.837568
143.0,3.0,1016,999000,52.3711467,4.8837046
87.0,4.0,1091,340000,52.3565396,4.9143228
158.0,5.0,1013,795000,52.396789,4.8766067
52.0,2.0,1022,239000,40.8033203,-73.9639621
62.0,2.0,1033,190000,52.4095854,4.8868895
42.0,2.0,1013,350000,52.396789,4.8766067
88.0,3.0,1025,219000,52.3996222,4.9369594
60.0,2.0,1025,185000,52.3996222,4.9369594
120.0,4.0,1083,450000,52.3297611,4.888615
18.0,,1065,39500,52.3560303,4.8296176
90.0,3.0,1053,575000,52.3663937,4.8695863
76.0,3.0,1051,360000,52.3797728,4.8686235
74.0,3.0,1054,475000,52.3612327,4.8653587
218.0,6.0,1064,947500,52.3724594,4.8192201
50.0,3.0,1079,300000,52.3421834,4.9067927
119.0,3.0,1064,395000,52.3724594,4.8192201
58.0,3.0,1056,299000,52.3732792,4.8544858
143.0,4.0,1016,899000,52.3711467,4.8837046
27.0,1.0,1094,185000,52.3636588,4.9355226
85.0,4.0,1019,395000,52.3728583,4.9388278
63.0,2.0,1013,380000,52.396789,4.8766067
117.0,4.0,1087,425000,52.3555895,5.0005613
133.0,5.0,1097,850000,52.3449297,4.9319025
40.0,2.0,1091,230000,52.3565396,4.9143228
48.0,2.0,1012,350000,52.3733862,4.8940639
255.0,0.0,1086,850000,52.3617208,4.981714
58.0,2.0,1034,159000,52.4076495,4.9172724
43.0,2.0,1067,195000,52.3765795,4.7834602
42.0,2.0,1091,235000,52.3565396,4.9143228
71.0,2.0,1019,375000,52.3728583,4.9388278
81.0,4.0,1019,375000,52.3728583,4.9388278
179.0,6.0,1060,475000,40.8046725,-73.9634204
139.0,5.0,1068,425000,52.3624004,4.8042058
110.0,4.0,1064,400000,52.3724594,4.8192201
60.0,3.0,1019,310000,52.3728583,4.9388278
314.0,8.0,1071,2980000,52.3559882,4.8778762
37.0,2.0,1097,179000,52.3449297,4.9319025
51.0,3.0,1061,240000,52.3730438,4.837568
66.0,3.0,1024,200000,52.3934948,4.9558257
146.0,5.0,1016,795000,52.3711467,4.8837046
51.0,3.0,1067,235000,52.3765795,4.7834602
97.0,3.0,1068,289500,52.3624004,4.8042058
80.0,3.0,1096,425000,52.3363412,4.9190299
50.0,2.0,1018,325000,52.3683871,4.9180909
107.0,3.0,1012,649000,52.3733862,4.8940639
143.0,5.0,1060,399500,40.8046725,-73.9634204
129.0,4.0,1082,579000,52.3314299,4.8766928
92.0,4.0,1015,649000,52.3790928,4.885109
160.0,6.0,1087,495000,52.3555895,5.0005613
219.0,8.0,1074,995000,52.351518,4.90679
81.0,4.0,1062,275000,52.3517216,4.8371533
53.0,3.0,1097,265000,52.3449297,4.9319025
109.0,5.0,1069,319000,52.3576375,4.7901227
185.0,7.0,1016,1395000,52.3711467,4.8837046
69.0,3.0,1058,470000,52.3583805,4.8494046
94.0,3.0,1019,449000,52.3728583,4.9388278
60.0,3.0,1061,250000,52.3730438,4.837568
264.0,3.0,1017,1995000,52.3641851,4.8907747
124.0,4.0,1024,325000,52.3934948,4.9558257
63.0,3.0,1109,200000,52.3110148,5.0140928
103.0,4.0,1055,439000,52.3817073,4.8540225
100.0,6.0,1075,599000,52.3515641,4.856651
84.0,3.0,1091,340000,52.3565396,4.9143228
79.0,4.0,1076,435000,52.3440889,4.860684
57.0,3.0,1058,349000,52.3583805,4.8494046
140.0,6.0,1060,395000,40.8046725,-73.9634204
76.0,5.0,1017,675000,52.3641851,4.8907747
259.0,6.0,1011,2490000,52.3729762,4.9039565
57.0,2.0,1107,166500,52.2912462,4.9773243
31.0,1.0,1015,250000,52.3790928,4.885109
50.0,2.0,1072,325000,52.3522009,4.8903141
74.0,4.0,1057,475000,52.3670713,4.8531117
84.0,3.0,1093,400000,52.3612861,4.9284541
140.0,3.0,1016,900000,52.3711467,4.8837046
41.0,3.0,1051,240000,52.3797728,4.8686235
46.0,2.0,1031,320000,52.3903988,4.9020632
221.0,6.0,1016,2121500,52.3711467,4.8837046
275.0,6.0,1035,898000,52.4168952,4.9067666
155.0,4.0,1095,749000,52.359026,4.9611967
97.0,4.0,1016,650000,52.3711467,4.8837046
365.0,5.0,1075,5400000,52.3515641,4.856651
73.0,3.0,1098,285000,52.3511236,4.9482332
180.0,9.0,1077,1750000,52.3435465,4.8738549
100.0,4.0,1107,249500,52.2912462,4.9773243
123.0,5.0,1054,799000,52.3612327,4.8653587
100.0,4.0,1013,700000,52.396789,4.8766067
38.0,2.0,1067,195000,52.3765795,4.7834602
145.0,4.0,1014,909991,52.3923045,4.8558842
93.0,4.0,1098,575000,52.3511236,4.9482332
141.0,5.0,1060,375000,40.8046725,-73.9634204
88.0,3.0,1022,300000,40.8033203,-73.9639621
99.0,4.0,1033,300000,52.4095854,4.8868895
109.0,5.0,1086,399000,52.3617208,4.981714
50.0,2.0,1095,269000,52.359026,4.9611967
152.0,3.0,1017,1200000,52.3641851,4.8907747
176.0,4.0,1077,1560000,52.3435465,4.8738549
142.0,5.0,1064,389500,52.3724594,4.8192201
27.0,1.0,1094,175000,52.3636588,4.9355226
64.0,3.0,1052,399000,52.3768523,4.87475
102.0,2.0,1016,645000,52.3711467,4.8837046
69.0,3.0,1103,165000,52.3234207,4.9728948
65.0,3.0,1074,319500,52.351518,4.90679
128.0,4.0,1015,1000000,52.3790928,4.885109
35.0,1.0,1013,200000,52.396789,4.8766067
45.0,2.0,1072,265000,52.3522009,4.8903141
85.0,3.0,1069,275000,52.3576375,4.7901227
86.0,4.0,1056,449000,52.3732792,4.8544858
250.0,1.0,1098,Prijs op aanvraag,52.3511236,4.9482332
4.262,,1056,29500,52.3732792,4.8544858
110.0,5.0,1025,400000,52.3996222,4.9369594
117.0,5.0,1025,450000,52.3996222,4.9369594
124.0,4.0,1069,335000,52.3576375,4.7901227
43.0,1.0,1051,235000,52.3797728,4.8686235
100.0,3.0,1087,350000,52.3555895,5.0005613
54.0,2.0,1013,295000,52.396789,4.8766067
97.0,3.0,1098,375000,52.3511236,4.9482332
76.0,2.0,1083,325000,52.3297611,4.888615
105.0,4.0,1035,325000,52.4168952,4.9067666
207.0,9.0,1098,885000,52.3511236,4.9482332
78.0,3.0,1069,250000,52.3576375,4.7901227
140.0,6.0,1068,450000,52.3624004,4.8042058
87.0,3.0,1092,499000,52.358913,4.9213875
62.0,2.0,1102,175000,52.3135175,4.9547795
72.0,4.0,1098,425000,52.3511236,4.9482332
117.0,3.0,1014,970000,52.3923045,4.8558842
190.0,4.0,1096,1118806,52.3363412,4.9190299
60.0,3.0,1059,325000,52.3460212,4.8461017
80.0,3.0,1066,275000,52.3431932,4.817434
151.0,6.0,1081,585000,52.3337697,4.8522405
82.0,3.0,1087,295000,52.3555895,5.0005613
174.0,6.0,1083,1250000,52.3297611,4.888615
160.0,4.0,1104,430000,52.3164474,4.9802023
95.0,3.0,1019,539000,52.3728583,4.9388278
84.0,4.0,1025,349000,52.3996222,4.9369594
44.0,3.0,1011,325000,52.3729762,4.9039565
51.0,2.0,1057,275000,52.3670713,4.8531117
92.0,4.0,1095,450000,52.359026,4.9611967
75.0,3.0,1106,175000,52.3007124,4.9740506
120.0,7.0,1098,635000,52.3511236,4.9482332
50.0,2.0,1012,399000,52.3733862,4.8940639
33.0,3.0,1053,199000,52.3663937,4.8695863
121.0,8.0,1078,585000,52.3441217,4.8922031
63.0,2.0,1091,329000,52.3565396,4.9143228
124.0,5.0,1052,845000,52.3768523,4.87475
53.0,3.0,1053,299000,52.3663937,4.8695863
16.0,,1066,16000,52.3431932,4.817434
50.0,2.0,1053,350000,52.3663937,4.8695863
60.0,2.0,1079,375000,52.3421834,4.9067927
690.0,9.0,1017,5735000,52.3641851,4.8907747
120.0,5.0,1066,339500,52.3431932,4.817434
100.0,3.0,1102,290000,52.3135175,4.9547795
41.0,2.0,1076,285000,52.3440889,4.860684
93.0,4.0,1021,350000,52.3834657,4.9173131
105.0,5.0,1106,300000,52.3007124,4.9740506
136.0,6.0,1098,725000,52.3511236,4.9482332
97.0,5.0,1107,240000,52.2912462,4.9773243
78.0,3.0,1015,675000,52.3790928,4.885109
80.0,3.0,1034,225000,52.4076495,4.9172724
62.0,3.0,1069,175000,52.3576375,4.7901227
93.0,4.0,1069,215000,52.3576375,4.7901227
135.0,4.0,1035,299500,52.4168952,4.9067666
120.0,4.0,1061,399000,52.3730438,4.837568
86.0,4.0,1104,210000,52.3164474,4.9802023
81.0,3.0,1075,499000,52.3515641,4.856651
97.0,5.0,1021,400000,52.3834657,4.9173131
64.0,2.0,1025,211000,52.3996222,4.9369594
56.0,1.0,1051,290000,52.3797728,4.8686235
196.0,5.0,1013,1125000,52.396789,4.8766067
70.0,4.0,1079,385000,52.3421834,4.9067927
137.0,5.0,1075,1150000,52.3515641,4.856651
88.0,4.0,1097,450000,52.3449297,4.9319025
57.0,2.0,1079,369000,52.3421834,4.9067927
107.0,4.0,1014,585559,52.3923045,4.8558842
130.0,4.0,1082,439000,52.3314299,4.8766928
134.0,4.0,1066,439000,52.3431932,4.817434
47.0,3.0,1051,275000,52.3797728,4.8686235
83.0,2.0,1055,380000,52.3817073,4.8540225
160.0,4.0,1081,995000,52.3337697,4.8522405
52.0,2.0,1013,250000,52.396789,4.8766067
50.0,2.0,1022,250000,40.8033203,-73.9639621
233.0,5.0,1022,995000,40.8033203,-73.9639621
130.0,3.0,1013,675000,52.396789,4.8766067
81.0,3.0,1055,420000,52.3817073,4.8540225
38.0,2.0,1023,165000,52.3870802,4.9496855
95.0,4.0,1054,620000,52.3612327,4.8653587
159.0,5.0,1075,1350000,52.3515641,4.856651
39.0,2.0,1015,269000,52.3790928,4.885109
78.0,3.0,1057,439000,52.3670713,4.8531117
70.0,3.0,1059,425000,52.3460212,4.8461017
104.0,4.0,1018,437500,52.3683871,4.9180909
115.0,4.0,1033,300000,52.4095854,4.8868895
153.0,4.0,1087,595000,52.3555895,5.0005613
125.0,6.0,1063,375000,52.3815295,4.825779
68.0,3.0,1098,350000,52.3511236,4.9482332
70.0,4.0,1055,375000,52.3817073,4.8540225
149.0,6.0,1077,1200000,52.3435465,4.8738549
216.0,8.0,1018,1250000,52.3683871,4.9180909
80.0,4.0,1057,500000,52.3670713,4.8531117
109.0,5.0,1069,342500,52.3576375,4.7901227
98.0,5.0,1103,225000,52.3234207,4.9728948
93.0,4.0,1032,325000,52.395149,4.9162053
46.0,2.0,1055,212500,52.3817073,4.8540225
123.0,5.0,1102,325000,52.3135175,4.9547795
440.0,8.0,1075,6400000,52.3515641,4.856651
85.0,4.0,1071,695000,52.3559882,4.8778762
94.0,4.0,1078,665000,52.3441217,4.8922031
45.0,2.0,1092,220000,52.358913,4.9213875
162.0,5.0,1060,475000,40.8046725,-73.9634204
238.0,6.0,1017,2400000,52.3641851,4.8907747
38.0,2.0,1012,299000,52.3733862,4.8940639
93.0,4.0,1033,365000,52.4095854,4.8868895
55.0,2.0,1056,275000,52.3732792,4.8544858
48.0,2.0,1018,350000,52.3683871,4.9180909
85.0,4.0,1091,399245,52.3565396,4.9143228
84.0,3.0,1068,200000,52.3624004,4.8042058
104.0,5.0,1058,645000,52.3583805,4.8494046
48.0,2.0,1074,247000,52.351518,4.90679
156.0,6.0,1103,324177,52.3234207,4.9728948
71.0,3.0,1056,385000,52.3732792,4.8544858
87.0,3.0,1018,475000,52.3683871,4.9180909
44.0,2.0,1091,239000,52.3565396,4.9143228
156.0,7.0,1098,895000,52.3511236,4.9482332
63.0,2.0,1053,279000,52.3663937,4.8695863
30.0,1.0,1063,145000,52.3815295,4.825779
150.0,5.0,1087,659000,52.3555895,5.0005613
156.0,5.0,1067,500000,52.3765795,4.7834602
86.0,4.0,1073,489000,52.351928,4.896904
163.0,6.0,1087,689000,52.3555895,5.0005613
132.0,4.0,1058,725000,52.3583805,4.8494046
159.0,4.0,1065,745000,52.3560303,4.8296176
78.0,4.0,1083,285000,52.3297611,4.888615
166.0,5.0,1071,1350000,52.3559882,4.8778762
103.0,3.0,1072,515000,52.3522009,4.8903141
107.0,5.0,1072,725000,52.3522009,4.8903141
100.0,4.0,1028,450000,40.803583,-73.963863
18.0,,1034,29500,52.4076495,4.9172724
123.0,5.0,1060,379500,40.8046725,-73.9634204
80.0,1.0,1023,275000,52.3870802,4.9496855
73.0,3.0,1073,437500,52.351928,4.896904
52.0,3.0,1079,324500,52.3421834,4.9067927
79.0,4.0,1063,275000,52.3815295,4.825779
63.0,2.0,1034,175000,52.4076495,4.9172724
52.0,3.0,1023,250000,52.3870802,4.9496855
80.0,3.0,1028,495000,40.803583,-73.963863
180.0,6.0,1071,1650000,52.3559882,4.8778762
75.0,4.0,1013,699000,52.396789,4.8766067
92.0,4.0,1052,550000,52.3768523,4.87475
51.0,2.0,1094,299000,52.3636588,4.9355226
98.0,3.0,1021,299500,52.3834657,4.9173131
71.0,4.0,1079,299000,52.3421834,4.9067927
75.0,4.0,1061,390000,52.3730438,4.837568
152.0,8.0,1017,1100000,52.3641851,4.8907747
70.0,3.0,1091,350000,52.3565396,4.9143228
104.0,5.0,1102,239990,52.3135175,4.9547795
31.0,2.0,1053,215000,52.3663937,4.8695863
70.0,3.0,1019,350000,52.3728583,4.9388278
85.0,3.0,1056,550000,52.3732792,4.8544858
137.0,4.0,1087,445000,52.3555895,5.0005613
105.0,3.0,1019,500000,52.3728583,4.9388278
130.0,4.0,1026,575000,52.3812323,4.9935529
92.0,4.0,1031,375000,52.3903988,4.9020632
34.0,1.0,1018,215000,52.3683871,4.9180909
105.0,3.0,1075,699000,52.3515641,4.856651
196.0,6.0,1071,1875000,52.3559882,4.8778762
300.0,4.0,1082,2500000,52.3314299,4.8766928
94.0,2.0,1016,575000,52.3711467,4.8837046
33.0,1.0,1051,215000,52.3797728,4.8686235
96.0,3.0,1012,545000,52.3733862,4.8940639
31.0,1.0,1052,185000,52.3768523,4.87475
43.0,2.0,1091,249000,52.3565396,4.9143228
97.0,4.0,1019,535000,52.3728583,4.9388278
164.0,4.0,1098,1245000,52.3511236,4.9482332
78.0,3.0,1055,450000,52.3817073,4.8540225
101.0,5.0,1058,500000,52.3583805,4.8494046
91.0,3.0,1061,350000,52.3730438,4.837568
116.0,5.0,1052,600000,52.3768523,4.87475
17.0,,1069,27500,52.3576375,4.7901227
90.0,3.0,1066,329000,52.3431932,4.817434
350.0,0.0,1054,2400000,52.3612327,4.8653587
87.0,3.0,1016,500000,52.3711467,4.8837046
56.0,3.0,1094,325000,52.3636588,4.9355226
80.0,4.0,1058,400000,52.3583805,4.8494046
74.0,3.0,1034,225000,52.4076495,4.9172724
97.0,3.0,1074,600000,52.351518,4.90679
23.0,1.0,1073,200000,52.351928,4.896904
133.0,8.0,1035,375000,52.4168952,4.9067666
68.0,3.0,1018,380000,52.3683871,4.9180909
48.0,2.0,1076,275000,52.3440889,4.860684
135.0,4.0,1102,325000,52.3135175,4.9547795
73.0,2.0,1091,550000,52.3565396,4.9143228
68.0,3.0,1017,390000,52.3641851,4.8907747
156.0,6.0,1086,525000,52.3617208,4.981714
75.0,4.0,1058,425000,52.3583805,4.8494046
61.0,3.0,1069,175000,52.3576375,4.7901227
93.0,4.0,1013,425000,52.396789,4.8766067
53.0,3.0,1078,349500,52.3441217,4.8922031
147.0,3.0,1014,1255000,52.3923045,4.8558842
240.0,6.0,1096,1365094,52.3363412,4.9190299
101.0,4.0,1056,600000,52.3732792,4.8544858
81.0,3.0,1083,300000,52.3297611,4.888615
221.0,7.0,1096,1285609,52.3363412,4.9190299
147.0,6.0,1098,710000,52.3511236,4.9482332
381.0,5.0,1082,3800000,52.3314299,4.8766928
50.0,2.0,1079,300000,52.3421834,4.9067927
106.0,4.0,1082,525000,52.3314299,4.8766928
81.0,3.0,1079,499000,52.3421834,4.9067927
131.0,3.0,1058,775000,52.3583805,4.8494046
72.0,4.0,1019,275000,52.3728583,4.9388278
57.0,2.0,1055,275000,52.3817073,4.8540225
75.0,3.0,1034,195000,52.4076495,4.9172724
337.0,1.0,1069,1495000,52.3576375,4.7901227
62.0,3.0,1079,415000,52.3421834,4.9067927
61.0,3.0,1093,300000,52.3612861,4.9284541
80.0,5.0,1017,479000,52.3641851,4.8907747
69.0,3.0,1057,365000,52.3670713,4.8531117
388.0,5.0,1017,3249000,52.3641851,4.8907747
100.0,3.0,1019,650000,52.3728583,4.9388278
56.0,3.0,1059,275000,52.3460212,4.8461017
92.0,4.0,1059,525000,52.3460212,4.8461017
83.0,3.0,1015,575000,52.3790928,4.885109
84.0,4.0,1033,225000,52.4095854,4.8868895
84.0,5.0,1073,900000,52.351928,4.896904
319.0,1.0,1077,2000000,52.3435465,4.8738549
56.0,4.0,1059,295000,52.3460212,4.8461017
80.0,3.0,1051,399000,52.3797728,4.8686235
60.0,2.0,1015,325000,52.3790928,4.885109
92.0,3.0,1061,339000,52.3730438,4.837568
114.0,3.0,1057,625000,52.3670713,4.8531117
44.0,2.0,1012,285000,52.3733862,4.8940639
140.0,5.0,1067,455000,52.3765795,4.7834602
80.0,3.0,1082,325000,52.3314299,4.8766928
130.0,4.0,1087,435000,52.3555895,5.0005613
77.0,3.0,1068,264850,52.3624004,4.8042058
106.0,3.0,1082,975000,52.3314299,4.8766928
56.0,2.0,1073,350000,52.351928,4.896904
164.0,4.0,1015,1050000,52.3790928,4.885109
79.0,3.0,1016,845000,52.3711467,4.8837046
51.0,2.0,1057,310000,52.3670713,4.8531117
114.0,4.0,1098,575000,52.3511236,4.9482332
128.0,5.0,1016,849000,52.3711467,4.8837046
55.0,2.0,1057,325000,52.3670713,4.8531117
121.0,3.0,1051,575000,52.3797728,4.8686235
130.0,5.0,1076,625000,52.3440889,4.860684
77.0,2.0,1016,399000,52.3711467,4.8837046
101.0,3.0,1087,375000,52.3555895,5.0005613
104.0,5.0,1033,325000,52.4095854,4.8868895
70.0,3.0,1069,225000,52.3576375,4.7901227
156.0,5.0,1018,650000,52.3683871,4.9180909
108.0,4.0,1062,442076,52.3517216,4.8371533
156.0,4.0,1016,995000,52.3711467,4.8837046
37.0,1.0,1094,215000,52.3636588,4.9355226
51.0,2.0,1011,298000,52.3729762,4.9039565
255.0,4.0,1011,1000000,52.3729762,4.9039565
447.0,9.0,1016,3490000,52.3711467,4.8837046
92.0,4.0,1108,225000,52.3065615,4.9933607
42.0,4.0,1079,275000,52.3421834,4.9067927
85.0,3.0,1103,189500,52.3234207,4.9728948
55.0,2.0,1053,375000,52.3663937,4.8695863
55.0,4.0,1059,365000,52.3460212,4.8461017
53.0,2.0,1011,350000,52.3729762,4.9039565
118.0,5.0,1022,375000,40.8033203,-73.9639621
107.0,4.0,1076,585000,52.3440889,4.860684
37.0,1.0,1013,190000,52.396789,4.8766067
126.0,3.0,1019,550000,52.3728583,4.9388278
66.0,2.0,1019,275000,52.3728583,4.9388278
99.0,4.0,1013,649000,52.396789,4.8766067
60.0,3.0,1055,299000,52.3817073,4.8540225
105.0,4.0,1082,500000,52.3314299,4.8766928
103.0,2.0,1091,460000,52.3565396,4.9143228
32.0,1.0,1053,210000,52.3663937,4.8695863
85.0,2.0,1018,459000,52.3683871,4.9180909
123.0,5.0,1066,419000,52.3431932,4.817434
112.0,3.0,1017,800000,52.3641851,4.8907747
80.0,3.0,1056,545000,52.3732792,4.8544858
99.0,4.0,1067,350000,52.3765795,4.7834602
85.0,3.0,1102,189500,52.3135175,4.9547795
58.0,2.0,1053,289000,52.3663937,4.8695863
28.0,1.0,1018,200000,52.3683871,4.9180909
64.0,2.0,1095,280000,52.359026,4.9611967
133.0,6.0,1103,335000,52.3234207,4.9728948
86.0,4.0,1061,335000,52.3730438,4.837568
86.0,3.0,1067,235000,52.3765795,4.7834602
127.0,5.0,1081,587500,52.3337697,4.8522405
118.0,5.0,1034,400000,52.4076495,4.9172724
224.0,7.0,1077,1500000,52.3435465,4.8738549
53.0,2.0,1076,350000,52.3440889,4.860684
91.0,3.0,1087,325000,52.3555895,5.0005613
137.0,3.0,1012,715000,52.3733862,4.8940639
405.0,5.0,1071,3650000,52.3559882,4.8778762
140.0,7.0,1077,1100000,52.3435465,4.8738549
19.0,,1024,25000,52.3934948,4.9558257
105.0,5.0,1079,575000,52.3421834,4.9067927
17.0,1.0,1055,119000,52.3817073,4.8540225
64.0,3.0,1106,185000,52.3007124,4.9740506
199.0,6.0,1033,750000,52.4095854,4.8868895
66.0,2.0,1011,395000,52.3729762,4.9039565
51.0,3.0,1061,242500,52.3730438,4.837568
172.0,7.0,1075,1695000,52.3515641,4.856651
51.0,3.0,1061,275000,52.3730438,4.837568
55.0,2.0,1072,375000,52.3522009,4.8903141
74.0,3.0,1034,225000,52.4076495,4.9172724
138.0,3.0,1077,925000,52.3435465,4.8738549
99.0,3.0,1019,495000,52.3728583,4.9388278
146.0,4.0,1054,995000,52.3612327,4.8653587
121.0,5.0,1066,375000,52.3431932,4.817434
88.0,3.0,1019,375000,52.3728583,4.9388278
86.0,3.0,1015,535000,52.3790928,4.885109
58.0,3.0,1094,325000,52.3636588,4.9355226
298.0,5.0,1014,2470000,52.3923045,4.8558842
93.0,4.0,1076,545000,52.3440889,4.860684
80.0,4.0,1055,375000,52.3817073,4.8540225
81.0,3.0,1087,280000,52.3555895,5.0005613
98.0,4.0,1058,390000,52.3583805,4.8494046
100.0,4.0,1057,650000,52.3670713,4.8531117
74.0,4.0,1078,390000,52.3441217,4.8922031
47.0,2.0,1079,300000,52.3421834,4.9067927
40.0,2.0,1017,280000,52.3641851,4.8907747
152.0,5.0,1096,400000,52.3363412,4.9190299
74.0,3.0,1069,225000,52.3576375,4.7901227
494.0,3.0,1075,4850000,52.3515641,4.856651
71.0,3.0,1079,299000,52.3421834,4.9067927
43.0,2.0,1102,139500,52.3135175,4.9547795
60.0,3.0,1091,375000,52.3565396,4.9143228
79.0,3.0,1073,560000,52.351928,4.896904
86.0,3.0,1061,299000,52.3730438,4.837568
79.0,3.0,1053,470000,52.3663937,4.8695863
48.0,2.0,1073,300000,52.351928,4.896904
96.0,3.0,1076,415000,52.3440889,4.860684
58.0,3.0,1055,275000,52.3817073,4.8540225
174.0,6.0,1071,1565000,52.3559882,4.8778762
75.0,5.0,1067,224000,52.3765795,4.7834602
169.0,2.0,1012,1595000,52.3733862,4.8940639
62.0,3.0,1033,200000,52.4095854,4.8868895
263.0,6.0,1016,2600000,52.3711467,4.8837046
125.0,3.0,1082,675000,52.3314299,4.8766928
273.0,9.0,1015,2499000,52.3790928,4.885109
258.0,0.0,1071,2150000,52.3559882,4.8778762
136.0,6.0,1098,675000,52.3511236,4.9482332
76.0,3.0,1011,515000,52.3729762,4.9039565
95.0,5.0,1079,617500,52.3421834,4.9067927
112.0,3.0,1017,700000,52.3641851,4.8907747
132.0,4.0,1016,825000,52.3711467,4.8837046
65.0,3.0,1060,225000,40.8046725,-73.9634204
56.0,2.0,1055,245000,52.3817073,4.8540225
212.0,5.0,1071,2000000,52.3559882,4.8778762
132.0,4.0,1077,1250000,52.3435465,4.8738549
61.0,3.0,1059,350000,52.3460212,4.8461017
169.0,5.0,1086,700000,52.3617208,4.981714
90.0,4.0,1104,220000,52.3164474,4.9802023
255.0,9.0,1017,1650000,52.3641851,4.8907747
294.0,9.0,1075,2500000,52.3515641,4.856651
128.0,4.0,1075,1395000,52.3515641,4.856651
62.0,3.0,1054,398000,52.3612327,4.8653587
115.0,4.0,1098,440000,52.3511236,4.9482332
76.0,3.0,1033,225000,52.4095854,4.8868895
56.0,2.0,1097,315000,52.3449297,4.9319025
67.0,3.0,1013,375000,52.396789,4.8766067
101.0,3.0,1098,449000,52.3511236,4.9482332
77.0,3.0,1083,375000,52.3297611,4.888615
16.0,,1051,54500,52.3797728,4.8686235
388.0,5.0,1071,5800000,52.3559882,4.8778762
180.0,4.0,1094,1085000,52.3636588,4.9355226
130.0,5.0,1025,465000,52.3996222,4.9369594
93.0,4.0,1069,239000,52.3576375,4.7901227
76.0,3.0,1095,300000,52.359026,4.9611967
85.0,3.0,1019,400000,52.3728583,4.9388278
73.0,3.0,1056,365000,52.3732792,4.8544858
56.0,2.0,1093,300000,52.3612861,4.9284541
69.0,3.0,1108,179500,52.3065615,4.9933607
167.0,6.0,1071,1295000,52.3559882,4.8778762
70.0,3.0,1104,175000,52.3164474,4.9802023
114.0,4.0,1091,1025000,52.3565396,4.9143228
53.0,3.0,1054,299000,52.3612327,4.8653587
46.0,2.0,1098,225000,52.3511236,4.9482332
149.0,7.0,1024,475000,52.3934948,4.9558257
88.0,4.0,1057,475000,52.3670713,4.8531117
107.0,6.0,1103,310000,52.3234207,4.9728948
44.0,2.0,1033,170000,52.4095854,4.8868895
75.0,4.0,1069,180000,52.3576375,4.7901227
54.0,2.0,1071,315000,52.3559882,4.8778762
175.0,4.0,1073,850000,52.351928,4.896904
106.0,3.0,1013,700000,52.396789,4.8766067
33.0,2.0,1082,250000,52.3314299,4.8766928
113.0,4.0,1015,845000,52.3790928,4.885109
45.0,2.0,1017,319000,52.3641851,4.8907747
90.0,3.0,1072,489000,52.3522009,4.8903141
113.0,5.0,1109,395000,52.3110148,5.0140928
138.0,6.0,1024,450000,52.3934948,4.9558257
374.0,7.0,1028,1500000,40.803583,-73.963863
16.0,,1102,23000,52.3135175,4.9547795
59.0,2.0,1068,217500,52.3624004,4.8042058
31.0,1.0,1072,180000,52.3522009,4.8903141
155.0,5.0,1109,598500,52.3110148,5.0140928
97.0,3.0,1077,700000,52.3435465,4.8738549
56.0,2.0,1012,419000,52.3733862,4.8940639
78.0,4.0,1026,375000,52.3812323,4.9935529
140.0,6.0,1078,699000,52.3441217,4.8922031
80.0,3.0,1052,489000,52.3768523,4.87475
134.0,6.0,1034,798000,52.4076495,4.9172724
84.0,4.0,1095,355000,52.359026,4.9611967
82.0,5.0,1078,399000,52.3441217,4.8922031
101.0,4.0,1060,325000,40.8046725,-73.9634204
70.0,3.0,1067,225000,52.3765795,4.7834602
115.0,3.0,1054,700000,52.3612327,4.8653587
89.0,4.0,1107,248000,52.2912462,4.9773243
42.0,2.0,1074,257500,52.351518,4.90679
283.0,6.0,1109,925000,52.3110148,5.0140928
47.0,2.0,1073,275000,52.351928,4.896904
291.0,3.0,1071,2350000,52.3559882,4.8778762
121.0,5.0,1079,639000,52.3421834,4.9067927
104.0,3.0,1013,750000,52.396789,4.8766067
242.0,6.0,1077,1575000,52.3435465,4.8738549
164.0,4.0,1079,950000,52.3421834,4.9067927
141.0,5.0,1086,750000,52.3617208,4.981714
111.0,6.0,1061,450000,52.3730438,4.837568
241.0,6.0,1016,1690000,52.3711467,4.8837046
103.0,5.0,1107,275000,52.2912462,4.9773243
78.0,4.0,1031,425000,52.3903988,4.9020632
71.0,4.0,1023,300000,52.3870802,4.9496855
92.0,3.0,1035,295000,52.4168952,4.9067666
454.0,9.0,1071,5200000,52.3559882,4.8778762
117.0,4.0,1096,694187,52.3363412,4.9190299
160.0,5.0,1053,1100000,52.3663937,4.8695863
117.0,3.0,1019,635000,52.3728583,4.9388278
64.0,2.0,1025,235000,52.3996222,4.9369594
228.0,8.0,1071,1499000,52.3559882,4.8778762
54.0,2.0,1032,200000,52.395149,4.9162053
59.0,2.0,1058,269000,52.3583805,4.8494046
51.0,3.0,1061,242500,52.3730438,4.837568
121.0,3.0,1075,1125000,52.3515641,4.856651
87.0,4.0,1065,370000,52.3560303,4.8296176
94.0,3.0,1093,450000,52.3612861,4.9284541
190.0,7.0,1023,950000,52.3870802,4.9496855
238.0,7.0,1035,975000,52.4168952,4.9067666
72.0,3.0,1072,515000,52.3522009,4.8903141
152.0,5.0,1014,923114,52.3923045,4.8558842
22.0,,1063,29500,52.3815295,4.825779
155.0,4.0,1011,695000,52.3729762,4.9039565
103.0,4.0,1106,225000,52.3007124,4.9740506
119.0,4.0,1097,625000,52.3449297,4.9319025
181.0,6.0,1087,799000,52.3555895,5.0005613
90.0,2.0,1012,540000,52.3733862,4.8940639
120.0,5.0,1028,695000,40.803583,-73.963863
93.0,2.0,1031,450000,52.3903988,4.9020632
73.0,3.0,1015,650000,52.3790928,4.885109
135.0,4.0,1055,750000,52.3817073,4.8540225
83.0,3.0,1068,285000,52.3624004,4.8042058
75.0,3.0,1068,280000,52.3624004,4.8042058
61.0,3.0,1073,340000,52.351928,4.896904
262.0,9.0,1019,1150000,52.3728583,4.9388278
40.0,1.0,1082,220772,52.3314299,4.8766928
118.0,5.0,1015,750000,52.3790928,4.885109
73.0,3.0,1052,375000,52.3768523,4.87475
92.0,4.0,1102,265000,52.3135175,4.9547795
65.0,3.0,1074,399000,52.351518,4.90679
73.0,3.0,1071,675000,52.3559882,4.8778762
134.0,5.0,1075,1050000,52.3515641,4.856651
56.0,3.0,1066,199000,52.3431932,4.817434
92.0,4.0,1033,350000,52.4095854,4.8868895
79.0,3.0,1103,185000,52.3234207,4.9728948
63.0,3.0,1017,475000,52.3641851,4.8907747
180.0,6.0,1023,600000,52.3870802,4.9496855
190.0,5.0,1096,1143388,52.3363412,4.9190299
70.0,3.0,1056,395000,52.3732792,4.8544858
51.0,3.0,1061,242500,52.3730438,4.837568
140.0,4.0,1018,750000,52.3683871,4.9180909
228.0,5.0,1017,1800000,52.3641851,4.8907747
134.0,5.0,1032,599000,52.395149,4.9162053
214.0,1.0,1076,1698000,52.3440889,4.860684
109.0,4.0,1106,260000,52.3007124,4.9740506
51.0,3.0,1061,240000,52.3730438,4.837568
90.0,4.0,1079,475000,52.3421834,4.9067927
28.0,1.0,1096,175000,52.3363412,4.9190299
50.0,3.0,1031,225000,52.3903988,4.9020632
126.0,4.0,1011,750000,52.3729762,4.9039565
80.0,3.0,1104,239000,52.3164474,4.9802023
123.0,6.0,1011,899000,52.3729762,4.9039565
164.0,4.0,1095,745635,52.359026,4.9611967
78.0,3.0,1087,310000,52.3555895,5.0005613
100.0,3.0,1019,470000,52.3728583,4.9388278
159.0,5.0,1054,1130000,52.3612327,4.8653587
71.0,3.0,1072,485000,52.3522009,4.8903141
130.0,7.0,1075,1200000,52.3515641,4.856651
87.0,2.0,1013,555000,52.396789,4.8766067
49.0,2.0,1104,150000,52.3164474,4.9802023
53.0,2.0,1093,320000,52.3612861,4.9284541
463.0,9.0,1015,3450000,52.3790928,4.885109
83.0,2.0,1055,375000,52.3817073,4.8540225
53.0,2.0,1072,289000,52.3522009,4.8903141
88.0,3.0,1064,250000,52.3724594,4.8192201
64.0,3.0,1059,240000,52.3460212,4.8461017
71.0,4.0,1082,349000,52.3314299,4.8766928
39.0,1.0,1095,225000,52.359026,4.9611967
91.0,4.0,1061,350000,52.3730438,4.837568
64.0,3.0,1078,395000,52.3441217,4.8922031
134.0,3.0,1082,780000,52.3314299,4.8766928
123.0,4.0,1072,700000,52.3522009,4.8903141
52.0,3.0,1091,275000,52.3565396,4.9143228
187.0,6.0,1077,1475000,52.3435465,4.8738549
106.0,3.0,1018,545000,52.3683871,4.9180909
171.0,6.0,1098,1175000,52.3511236,4.9482332
405.0,4.0,1075,1850000,52.3515641,4.856651
35.0,1.0,1011,250000,52.3729762,4.9039565
78.0,3.0,1019,325000,52.3728583,4.9388278
67.0,3.0,1018,499000,52.3683871,4.9180909
170.0,3.0,1018,1175000,52.3683871,4.9180909
66.0,1.0,1012,325000,52.3733862,4.8940639
91.0,4.0,1098,550000,52.3511236,4.9482332
197.0,6.0,1066,750000,52.3431932,4.817434
76.0,3.0,1095,275000,52.359026,4.9611967
220.0,8.0,1012,1400000,52.3733862,4.8940639
43.0,2.0,1021,255000,52.3834657,4.9173131
75.0,3.0,1106,189500,52.3007124,4.9740506
96.0,3.0,1069,275000,52.3576375,4.7901227
46.0,2.0,1091,289000,52.3565396,4.9143228
199.0,3.0,1018,1325000,52.3683871,4.9180909
116.0,4.0,1062,430000,52.3517216,4.8371533
156.0,4.0,1067,890000,52.3765795,4.7834602
235.0,4.0,1096,1547250,52.3363412,4.9190299
60.0,2.0,1067,350000,52.3765795,4.7834602
84.0,1.0,1086,293000,52.3617208,4.981714
137.0,6.0,1065,449000,52.3560303,4.8296176
109.0,4.0,1054,699000,52.3612327,4.8653587
114.0,4.0,1059,549500,52.3460212,4.8461017
99.0,3.0,1019,595000,52.3728583,4.9388278
60.0,3.0,1055,239000,52.3817073,4.8540225
152.0,5.0,1103,449358,52.3234207,4.9728948
64.0,4.0,1054,450000,52.3612327,4.8653587
167.0,3.0,1015,1195000,52.3790928,4.885109
83.0,2.0,1055,385000,52.3817073,4.8540225
69.0,3.0,1016,425000,52.3711467,4.8837046
49.0,2.0,1092,275000,52.358913,4.9213875
130.0,4.0,1056,585000,52.3732792,4.8544858
102.0,4.0,1058,495000,52.3583805,4.8494046
339.0,9.0,1016,3250000,52.3711467,4.8837046
100.0,4.0,1067,289000,52.3765795,4.7834602
94.0,4.0,1034,220000,52.4076495,4.9172724
95.0,5.0,1107,237500,52.2912462,4.9773243
206.0,7.0,1071,1575000,52.3559882,4.8778762
108.0,3.0,1083,475000,52.3297611,4.888615
192.0,6.0,1077,1480000,52.3435465,4.8738549
49.0,3.0,1055,230000,52.3817073,4.8540225
44.0,2.0,1052,Prijs op aanvraag,52.3768523,4.87475
106.0,3.0,1013,775000,52.396789,4.8766067
120.0,3.0,1068,449000,52.3624004,4.8042058
66.0,3.0,1053,395000,52.3663937,4.8695863
88.0,3.0,1078,499000,52.3441217,4.8922031
99.0,4.0,1068,230000,52.3624004,4.8042058
57.0,2.0,1102,175000,52.3135175,4.9547795
365.0,0.0,1077,4400000,52.3435465,4.8738549
54.0,2.0,1092,339000,52.358913,4.9213875
99.0,1.0,1032,437500,52.395149,4.9162053
105.0,2.0,1071,895000,52.3559882,4.8778762
123.0,4.0,1072,995000,52.3522009,4.8903141
66.0,3.0,1058,479000,52.3583805,4.8494046
72.0,3.0,1107,190000,52.2912462,4.9773243
113.0,4.0,1034,395000,52.4076495,4.9172724
64.0,3.0,1024,215000,52.3934948,4.9558257
125.0,4.0,1069,395000,52.3576375,4.7901227
61.0,3.0,1059,335000,52.3460212,4.8461017
34.0,1.0,1055,174000,52.3817073,4.8540225
66.0,3.0,1071,495000,52.3559882,4.8778762
80.0,5.0,1011,550000,52.3729762,4.9039565
44.0,2.0,1052,235000,52.3768523,4.87475
56.0,2.0,1068,197500,52.3624004,4.8042058
55.0,2.0,1102,145000,52.3135175,4.9547795
164.0,5.0,1083,535000,52.3297611,4.888615
119.0,4.0,1096,710631,52.3363412,4.9190299
535.0,8.0,1017,3250000,52.3641851,4.8907747
92.0,4.0,1013,400000,52.396789,4.8766067
45.0,2.0,1017,320000,52.3641851,4.8907747
55.0,3.0,1075,335000,52.3515641,4.856651
200.0,7.0,1075,1625000,52.3515641,4.856651
102.0,3.0,1078,595000,52.3441217,4.8922031
121.0,4.0,1064,449000,52.3724594,4.8192201
126.0,6.0,1066,375000,52.3431932,4.817434
72.0,3.0,1069,185000,52.3576375,4.7901227
187.0,4.0,1081,1000000,52.3337697,4.8522405
93.0,4.0,1098,475000,52.3511236,4.9482332
67.0,3.0,1082,325000,52.3314299,4.8766928
65.0,3.0,1074,449000,52.351518,4.90679
113.0,2.0,1059,647500,52.3460212,4.8461017
119.0,4.0,1087,475000,52.3555895,5.0005613
128.0,5.0,1069,488800,52.3576375,4.7901227
100.0,4.0,1057,625000,52.3670713,4.8531117
295.0,6.0,1015,2500000,52.3790928,4.885109
53.0,3.0,1031,320000,52.3903988,4.9020632
142.0,4.0,1068,450000,52.3624004,4.8042058
65.0,2.0,1083,370000,52.3297611,4.888615
102.0,4.0,1069,325000,52.3576375,4.7901227
75.0,3.0,1024,245000,52.3934948,4.9558257
117.0,7.0,1051,475000,52.3797728,4.8686235
241.0,6.0,1087,1135000,52.3555895,5.0005613
58.0,2.0,1075,695000,52.3515641,4.856651
60.0,2.0,1054,599000,52.3612327,4.8653587
140.0,3.0,1016,1000000,52.3711467,4.8837046
108.0,3.0,1019,425000,52.3728583,4.9388278
38.0,2.0,1013,225000,52.396789,4.8766067
156.0,5.0,1069,475000,52.3576375,4.7901227
46.0,1.0,1082,400000,52.3314299,4.8766928
105.0,3.0,1087,325000,52.3555895,5.0005613
70.0,3.0,1052,400000,52.3768523,4.87475
37.0,2.0,1013,285000,52.396789,4.8766067
51.0,4.0,1013,295000,52.396789,4.8766067
113.0,6.0,1011,775000,52.3729762,4.9039565
113.0,4.0,1023,575000,52.3870802,4.9496855
95.0,5.0,1068,270000,52.3624004,4.8042058
43.0,2.0,1053,299000,52.3663937,4.8695863
55.0,2.0,1025,165000,52.3996222,4.9369594
65.0,3.0,1033,225000,52.4095854,4.8868895
100.0,4.0,1052,639000,52.3768523,4.87475
211.0,6.0,1017,1600000,52.3641851,4.8907747
88.0,3.0,1062,275000,52.3517216,4.8371533
66.0,3.0,1052,365000,52.3768523,4.87475
108.0,4.0,1011,650000,52.3729762,4.9039565
53.0,2.0,1091,480000,52.3565396,4.9143228
163.0,7.0,1025,795000,52.3996222,4.9369594
156.0,3.0,1052,700000,52.3768523,4.87475
64.0,3.0,1072,440000,52.3522009,4.8903141
92.0,4.0,1078,499000,52.3441217,4.8922031
77.0,3.0,1011,440000,52.3729762,4.9039565
80.0,3.0,1055,325000,52.3817073,4.8540225
194.0,5.0,1087,599000,52.3555895,5.0005613
179.0,5.0,1054,1280000,52.3612327,4.8653587
102.0,3.0,1011,950000,52.3729762,4.9039565
93.0,4.0,1054,600000,52.3612327,4.8653587
146.0,0.0,1077,1200000,52.3435465,4.8738549
61.0,3.0,1076,375000,52.3440889,4.860684
71.0,2.0,1082,350000,52.3314299,4.8766928
124.0,5.0,1064,389000,52.3724594,4.8192201
153.0,6.0,1058,990000,52.3583805,4.8494046
117.0,5.0,1064,385000,52.3724594,4.8192201
30.0,1.0,1024,115000,52.3934948,4.9558257
210.0,7.0,1066,829000,52.3431932,4.817434
173.0,5.0,1087,500000,52.3555895,5.0005613
115.0,4.0,1062,495000,52.3517216,4.8371533
31.0,2.0,1072,185000,52.3522009,4.8903141
64.0,3.0,1019,300000,52.3728583,4.9388278
81.0,3.0,1069,225000,52.3576375,4.7901227
121.0,4.0,1052,899000,52.3768523,4.87475
56.0,2.0,1056,300000,52.3732792,4.8544858
96.0,3.0,1092,525000,52.358913,4.9213875
131.0,5.0,1091,595000,52.3565396,4.9143228
336.0,0.0,1015,2700000,52.3790928,4.885109
100.0,5.0,1083,469000,52.3297611,4.888615
113.0,5.0,1025,495000,52.3996222,4.9369594
153.0,3.0,1035,625000,52.4168952,4.9067666
97.0,3.0,1061,325000,52.3730438,4.837568
117.0,5.0,1054,1150000,52.3612327,4.8653587
55.0,3.0,1051,299000,52.3797728,4.8686235
148.0,6.0,1057,695000,52.3670713,4.8531117
210.0,6.0,1077,1695000,52.3435465,4.8738549
100.0,3.0,1015,949000,52.3790928,4.885109
99.0,4.0,1057,485000,52.3670713,4.8531117
145.0,5.0,1024,550000,52.3934948,4.9558257
35.0,1.0,1012,235000,52.3733862,4.8940639
80.0,3.0,1068,175000,52.3624004,4.8042058
53.0,2.0,1013,300000,52.396789,4.8766067
10.0,1.0,1086,22500,52.3617208,4.981714
16.0,,1094,37500,52.3636588,4.9355226
55.0,2.0,1071,350000,52.3559882,4.8778762
82.0,4.0,1106,Prijs op aanvraag,52.3007124,4.9740506
89.0,2.0,1019,395000,52.3728583,4.9388278
127.0,4.0,1072,829000,52.3522009,4.8903141
232.0,6.0,1014,949556,52.3923045,4.8558842
267.0,7.0,1011,1425000,52.3729762,4.9039565
87.0,3.0,1078,500000,52.3441217,4.8922031
54.0,3.0,1079,300000,52.3421834,4.9067927
200.0,6.0,1060,525000,40.8046725,-73.9634204
51.0,3.0,1013,265000,52.396789,4.8766067
114.0,3.0,1069,335000,52.3576375,4.7901227
280.0,2.0,1078,1150000,52.3441217,4.8922031
120.0,4.0,1036,398800,52.4076888,4.9034688
100.0,3.0,1087,349000,52.3555895,5.0005613
60.0,3.0,1072,285000,52.3522009,4.8903141
96.0,3.0,1034,325000,52.4076495,4.9172724
96.0,4.0,1058,525000,52.3583805,4.8494046
509.0,1.0,1017,3700000,52.3641851,4.8907747
94.0,3.0,1013,850000,52.396789,4.8766067
79.0,3.0,1076,390000,52.3440889,4.860684
90.0,5.0,1057,400000,52.3670713,4.8531117
440.0,8.0,1075,6400000,52.3515641,4.856651
128.0,3.0,1016,800000,52.3711467,4.8837046
54.0,3.0,1057,319000,52.3670713,4.8531117
32.0,2.0,1092,199000,52.358913,4.9213875
138.0,7.0,1066,399000,52.3431932,4.817434
70.0,3.0,1108,180000,52.3065615,4.9933607
90.0,3.0,1013,599000,52.396789,4.8766067
292.0,8.0,1069,1695000,52.3576375,4.7901227
168.0,5.0,1055,595000,52.3817073,4.8540225
113.0,4.0,1073,599000,52.351928,4.896904
80.0,3.0,1017,450000,52.3641851,4.8907747
100.0,3.0,1013,675000,52.396789,4.8766067
91.0,3.0,1013,875000,52.396789,4.8766067
124.0,4.0,1062,475000,52.3517216,4.8371533
83.0,4.0,1094,325000,52.3636588,4.9355226
126.0,7.0,1015,880000,52.3790928,4.885109
51.0,2.0,1055,285000,52.3817073,4.8540225
95.0,4.0,1035,225000,52.4168952,4.9067666
105.0,5.0,1071,600000,52.3559882,4.8778762
56.0,2.0,1055,292500,52.3817073,4.8540225
93.0,6.0,1015,745000,52.3790928,4.885109
98.0,3.0,1058,400000,52.3583805,4.8494046
85.0,4.0,1024,275000,52.3934948,4.9558257
190.0,7.0,1086,790000,52.3617208,4.981714
85.0,3.0,1079,475000,52.3421834,4.9067927
71.0,2.0,1108,155000,52.3065615,4.9933607
123.0,6.0,1011,899000,52.3729762,4.9039565
125.0,5.0,1072,875000,52.3522009,4.8903141
229.0,6.0,1108,950000,52.3065615,4.9933607
38.0,2.0,1018,210000,52.3683871,4.9180909
93.0,4.0,1081,365000,52.3337697,4.8522405
62.0,3.0,1033,200000,52.4095854,4.8868895
137.0,5.0,1087,575000,52.3555895,5.0005613
84.0,3.0,1087,295000,52.3555895,5.0005613
105.0,5.0,1106,239000,52.3007124,4.9740506
135.0,7.0,1056,599000,52.3732792,4.8544858
300.0,5.0,1016,2995000,52.3711467,4.8837046
53.0,3.0,1013,265000,52.396789,4.8766067
140.0,6.0,1087,550000,52.3555895,5.0005613
62.0,2.0,1017,425000,52.3641851,4.8907747
61.0,4.0,1075,429000,52.3515641,4.856651
329.0,9.0,1071,4450000,52.3559882,4.8778762
83.0,2.0,1055,375000,52.3817073,4.8540225
46.0,2.0,1053,259000,52.3663937,4.8695863
53.0,2.0,1075,340000,52.3515641,4.856651
69.0,3.0,1074,375000,52.351518,4.90679
44.0,2.0,1024,175000,52.3934948,4.9558257
73.0,3.0,1061,250000,52.3730438,4.837568
72.0,3.0,1068,225000,52.3624004,4.8042058
77.0,3.0,1017,649000,52.3641851,4.8907747
140.0,4.0,1015,1185000,52.3790928,4.885109
59.0,2.0,1102,150000,52.3135175,4.9547795
81.0,3.0,1106,200000,52.3007124,4.9740506
202.0,6.0,1016,1650000,52.3711467,4.8837046
37.0,1.0,1055,185000,52.3817073,4.8540225
31.0,1.0,1091,185000,52.3565396,4.9143228
28.0,1.0,1018,175000,52.3683871,4.9180909
92.0,3.0,1095,425000,52.359026,4.9611967
138.0,4.0,1017,925011,52.3641851,4.8907747
82.0,4.0,1094,450000,52.3636588,4.9355226
156.0,4.0,1016,899000,52.3711467,4.8837046
51.0,3.0,1072,350000,52.3522009,4.8903141
162.0,5.0,1033,500000,52.4095854,4.8868895
18.0,,1082,37500,52.3314299,4.8766928
71.0,2.0,1059,345000,52.3460212,4.8461017
74.0,4.0,1023,375000,52.3870802,4.9496855
75.0,6.0,1055,375000,52.3817073,4.8540225
81.0,3.0,1024,275000,52.3934948,4.9558257
215.0,9.0,1067,750000,52.3765795,4.7834602
55.0,2.0,1079,350000,52.3421834,4.9067927
65.0,2.0,1017,450000,52.3641851,4.8907747
85.0,4.0,1012,525000,52.3733862,4.8940639
149.0,4.0,1091,1350000,52.3565396,4.9143228
71.0,4.0,1079,299000,52.3421834,4.9067927
390.0,7.0,1071,4250000,52.3559882,4.8778762
130.0,4.0,1078,825000,52.3441217,4.8922031
86.0,4.0,1082,325000,52.3314299,4.8766928
49.0,3.0,1055,225000,52.3817073,4.8540225
76.0,3.0,1095,325000,52.359026,4.9611967
12.0,,1019,40000,52.3728583,4.9388278
141.0,4.0,1098,580000,52.3511236,4.9482332
95.0,5.0,1098,500000,52.3511236,4.9482332
44.0,2.0,1012,270000,52.3733862,4.8940639
31.0,1.0,1055,165000,52.3817073,4.8540225
173.0,4.0,1023,985000,52.3870802,4.9496855
71.0,4.0,1059,425000,52.3460212,4.8461017
65.0,3.0,1078,335000,52.3441217,4.8922031
136.0,4.0,1096,789697,52.3363412,4.9190299
67.0,2.0,1058,410000,52.3583805,4.8494046
113.0,3.0,1082,600000,52.3314299,4.8766928
56.0,2.0,1056,280000,52.3732792,4.8544858
65.0,3.0,1107,209000,52.2912462,4.9773243
83.0,3.0,1060,249000,40.8046725,-73.9634204
352.0,9.0,1071,1975000,52.3559882,4.8778762
187.0,4.0,1081,1000000,52.3337697,4.8522405
105.0,3.0,1011,574000,52.3729762,4.9039565
80.0,4.0,1078,425000,52.3441217,4.8922031
113.0,4.0,1051,420000,52.3797728,4.8686235
154.0,4.0,1019,975000,52.3728583,4.9388278
100.0,3.0,1058,395000,52.3583805,4.8494046
64.0,4.0,1055,275000,52.3817073,4.8540225
34.0,2.0,1083,200000,52.3297611,4.888615
19.0,,1069,27500,52.3576375,4.7901227
48.0,2.0,1053,300000,52.3663937,4.8695863
104.0,4.0,1018,439000,52.3683871,4.9180909
138.0,4.0,1060,379000,40.8046725,-73.9634204
99.0,5.0,1083,815000,52.3297611,4.888615
82.0,3.0,1066,325000,52.3431932,4.817434
121.0,3.0,1061,450000,52.3730438,4.837568
138.0,4.0,1016,729000,52.3711467,4.8837046
68.0,2.0,1082,159000,52.3314299,4.8766928
216.0,4.0,1091,1895000,52.3565396,4.9143228
49.0,2.0,1095,250000,52.359026,4.9611967
52.0,2.0,1103,130000,52.3234207,4.9728948
55.0,3.0,1057,315000,52.3670713,4.8531117
80.0,2.0,1015,339000,52.3790928,4.885109
154.0,4.0,1087,750000,52.3555895,5.0005613
105.0,4.0,1079,575000,52.3421834,4.9067927
159.0,7.0,1017,975000,52.3641851,4.8907747
90.0,3.0,1106,289000,52.3007124,4.9740506
67.0,3.0,1082,315000,52.3314299,4.8766928
134.0,6.0,1069,419000,52.3576375,4.7901227
115.0,3.0,1092,725000,52.358913,4.9213875
65.0,2.0,1057,350000,52.3670713,4.8531117
297.0,9.0,1017,1890000,52.3641851,4.8907747
149.0,5.0,1017,850000,52.3641851,4.8907747
169.0,6.0,1060,495000,40.8046725,-73.9634204
130.0,4.0,1052,699000,52.3768523,4.87475
55.0,2.0,1103,148500,52.3234207,4.9728948
117.0,4.0,1077,700000,52.3435465,4.8738549
109.0,3.0,1051,650000,52.3797728,4.8686235
66.0,2.0,1060,235000,40.8046725,-73.9634204
34.0,2.0,1082,175000,52.3314299,4.8766928
150.0,5.0,1024,525000,52.3934948,4.9558257
214.0,4.0,1073,975000,52.351928,4.896904
126.0,6.0,1081,499000,52.3337697,4.8522405
46.0,2.0,1055,212500,52.3817073,4.8540225
215.0,6.0,1017,1195000,52.3641851,4.8907747
243.0,3.0,1082,2000000,52.3314299,4.8766928
46.0,3.0,1072,300000,52.3522009,4.8903141
52.0,3.0,1078,325000,52.3441217,4.8922031
61.0,2.0,1079,349000,52.3421834,4.9067927
52.0,2.0,1091,319000,52.3565396,4.9143228
86.0,4.0,1052,500000,52.3768523,4.87475
83.0,3.0,1054,425000,52.3612327,4.8653587
115.0,5.0,1035,349500,52.4168952,4.9067666
83.0,3.0,1087,287500,52.3555895,5.0005613
111.0,4.0,1054,700000,52.3612327,4.8653587
213.0,9.0,1018,900000,52.3683871,4.9180909
50.0,2.0,1092,270000,52.358913,4.9213875
44.0,2.0,1052,225000,52.3768523,4.87475
28.0,1.0,1096,210000,52.3363412,4.9190299
66.0,4.0,1025,275000,52.3996222,4.9369594
84.0,3.0,1052,489000,52.3768523,4.87475
134.0,1.0,1075,800000,52.3515641,4.856651
69.0,3.0,1017,549000,52.3641851,4.8907747
55.0,3.0,1024,200000,52.3934948,4.9558257
45.0,3.0,1011,425000,52.3729762,4.9039565
72.0,3.0,1031,400000,52.3903988,4.9020632
62.0,2.0,1034,175000,52.4076495,4.9172724
111.0,4.0,1017,815000,52.3641851,4.8907747
87.0,3.0,1095,429000,52.359026,4.9611967
198.0,5.0,1017,1295000,52.3641851,4.8907747
164.0,5.0,1083,535000,52.3297611,4.888615
250.0,6.0,1077,1995000,52.3435465,4.8738549
105.0,5.0,1034,529500,52.4076495,4.9172724
45.0,2.0,1021,235000,52.3834657,4.9173131
535.0,8.0,1017,3250000,52.3641851,4.8907747
71.0,3.0,1102,199500,52.3135175,4.9547795
50.0,1.0,1082,350000,52.3314299,4.8766928
165.0,5.0,1069,660000,52.3576375,4.7901227
74.0,3.0,1064,225000,52.3724594,4.8192201
91.0,3.0,1016,625000,52.3711467,4.8837046
107.0,5.0,1106,255000,52.3007124,4.9740506
127.0,4.0,1054,899000,52.3612327,4.8653587
217.0,7.0,1077,1250000,52.3435465,4.8738549
73.0,3.0,1053,469000,52.3663937,4.8695863
241.0,7.0,1067,1150000,52.3765795,4.7834602
100.0,3.0,1096,606190,52.3363412,4.9190299
50.0,2.0,1054,298000,52.3612327,4.8653587
66.0,4.0,1054,425000,52.3612327,4.8653587
167.0,5.0,1016,1125000,52.3711467,4.8837046
37.0,2.0,1055,185000,52.3817073,4.8540225
99.0,3.0,1063,300000,52.3815295,4.825779
166.0,7.0,1082,750000,52.3314299,4.8766928
32.0,2.0,1052,222500,52.3768523,4.87475
88.0,3.0,1069,250000,52.3576375,4.7901227
51.0,3.0,1067,235000,52.3765795,4.7834602
264.0,6.0,1077,2995000,52.3435465,4.8738549
137.0,4.0,1098,600000,52.3511236,4.9482332
61.0,2.0,1106,150000,52.3007124,4.9740506
159.0,9.0,1071,1495000,52.3559882,4.8778762
90.0,4.0,1081,399500,52.3337697,4.8522405
95.0,3.0,1013,550000,52.396789,4.8766067
224.0,5.0,1054,1850000,52.3612327,4.8653587
171.0,3.0,1018,1200000,52.3683871,4.9180909
87.0,4.0,1058,449000,52.3583805,4.8494046
38.0,2.0,1012,275000,52.3733862,4.8940639
51.0,2.0,1015,325000,52.3790928,4.885109
71.0,3.0,1079,299000,52.3421834,4.9067927
221.0,6.0,1071,2750000,52.3559882,4.8778762
268.0,7.0,1071,2500000,52.3559882,4.8778762
125.0,5.0,1067,695000,52.3765795,4.7834602
95.0,1.0,1086,299000,52.3617208,4.981714
144.0,5.0,1086,323000,52.3617208,4.981714
93.0,3.0,1087,335000,52.3555895,5.0005613
78.0,4.0,1063,265000,52.3815295,4.825779
87.0,3.0,1096,395000,52.3363412,4.9190299
72.0,3.0,1031,400000,52.3903988,4.9020632
79.0,3.0,1071,749000,52.3559882,4.8778762
71.0,3.0,1102,175000,52.3135175,4.9547795
75.0,4.0,1083,299000,52.3297611,4.888615
136.0,7.0,1107,305000,52.2912462,4.9773243
60.0,4.0,1064,250000,52.3724594,4.8192201
33.0,1.0,1082,180648,52.3314299,4.8766928
98.0,3.0,1073,649000,52.351928,4.896904
67.0,3.0,1033,250000,52.4095854,4.8868895
106.0,4.0,1106,299000,52.3007124,4.9740506
82.0,3.0,1064,225000,52.3724594,4.8192201
82.0,3.0,1069,299000,52.3576375,4.7901227
63.0,2.0,1060,235000,40.8046725,-73.9634204
51.0,3.0,1067,235000,52.3765795,4.7834602
99.0,4.0,1071,575000,52.3559882,4.8778762
94.0,3.0,1015,600000,52.3790928,4.885109
91.0,5.0,1064,275000,52.3724594,4.8192201
109.0,4.0,1103,190000,52.3234207,4.9728948
98.0,4.0,1024,350000,52.3934948,4.9558257
87.0,3.0,1087,310000,52.3555895,5.0005613
68.0,3.0,1012,399000,52.3733862,4.8940639
160.0,4.0,1086,598000,52.3617208,4.981714
67.0,3.0,1054,425000,52.3612327,4.8653587
51.0,3.0,1067,250000,52.3765795,4.7834602
73.0,4.0,1069,225000,52.3576375,4.7901227
103.0,3.0,1104,235000,52.3164474,4.9802023
95.0,4.0,1058,489000,52.3583805,4.8494046
56.0,2.0,1091,325000,52.3565396,4.9143228
160.0,7.0,1082,759000,52.3314299,4.8766928
128.0,5.0,1058,775000,52.3583805,4.8494046
59.0,3.0,1013,325000,52.396789,4.8766067
77.0,2.0,1011,475000,52.3729762,4.9039565
54.0,2.0,1017,375000,52.3641851,4.8907747
86.0,2.0,1082,650000,52.3314299,4.8766928
126.0,5.0,1058,799000,52.3583805,4.8494046
58.0,2.0,1034,194000,52.4076495,4.9172724
75.0,3.0,1011,419000,52.3729762,4.9039565
110.0,3.0,1012,699000,52.3733862,4.8940639
70.0,5.0,1018,450000,52.3683871,4.9180909
149.0,1.0,1032,775000,52.395149,4.9162053
86.0,4.0,1064,350000,52.3724594,4.8192201
85.0,3.0,1081,Prijs op aanvraag,52.3337697,4.8522405
119.0,4.0,1013,525000,52.396789,4.8766067
19.0,,1063,37500,52.3815295,4.825779
170.0,6.0,1057,835000,52.3670713,4.8531117
115.0,5.0,1093,648000,52.3612861,4.9284541
43.0,2.0,1075,269000,52.3515641,4.856651
124.0,5.0,1092,750000,52.358913,4.9213875
31.0,3.0,1016,295000,52.3711467,4.8837046
76.0,3.0,1034,200000,52.4076495,4.9172724
43.0,2.0,1013,319000,52.396789,4.8766067
191.0,3.0,1061,689000,52.3730438,4.837568
63.0,4.0,1072,400000,52.3522009,4.8903141
45.0,2.0,1102,175000,52.3135175,4.9547795
97.0,3.0,1087,349000,52.3555895,5.0005613
91.0,3.0,1062,335000,52.3517216,4.8371533
83.0,5.0,1076,549000,52.3440889,4.860684
56.0,1.0,1055,245000,52.3817073,4.8540225
48.0,2.0,1025,179011,52.3996222,4.9369594
62.0,3.0,1107,185000,52.2912462,4.9773243
56.0,3.0,1055,245000,52.3817073,4.8540225
152.0,4.0,1017,845000,52.3641851,4.8907747
150.0,5.0,1054,895000,52.3612327,4.8653587
463.0,9.0,1015,3450000,52.3790928,4.885109
102.0,4.0,1034,350000,52.4076495,4.9172724
101.0,4.0,1092,529000,52.358913,4.9213875
216.0,5.0,1017,1500000,52.3641851,4.8907747
149.0,4.0,1060,450000,40.8046725,-73.9634204
59.0,2.0,1058,230000,52.3583805,4.8494046
165.0,6.0,1067,500000,52.3765795,4.7834602
75.0,4.0,1065,248800,52.3560303,4.8296176
125.0,3.0,1054,895000,52.3612327,4.8653587
66.0,3.0,1068,189500,52.3624004,4.8042058
120.0,6.0,1060,400000,40.8046725,-73.9634204
53.0,2.0,1103,155000,52.3234207,4.9728948
94.0,3.0,1071,750000,52.3559882,4.8778762
105.0,5.0,1067,299500,52.3765795,4.7834602
51.0,3.0,1061,240000,52.3730438,4.837568
171.0,6.0,1035,865000,52.4168952,4.9067666
106.0,4.0,1053,625000,52.3663937,4.8695863
123.0,4.0,1019,802000,52.3728583,4.9388278
105.0,5.0,1087,500000,52.3555895,5.0005613
85.0,3.0,1035,235000,52.4168952,4.9067666
64.0,3.0,1017,695000,52.3641851,4.8907747
130.0,5.0,1068,275000,52.3624004,4.8042058
104.0,4.0,1011,675000,52.3729762,4.9039565
49.0,3.0,1054,340000,52.3612327,4.8653587
72.0,3.0,1069,185000,52.3576375,4.7901227
149.0,6.0,1095,649000,52.359026,4.9611967
88.0,4.0,1108,210000,52.3065615,4.9933607
94.0,5.0,1057,515000,52.3670713,4.8531117
96.0,3.0,1104,250000,52.3164474,4.9802023
118.0,3.0,1016,625000,52.3711467,4.8837046
82.0,4.0,1051,550000,52.3797728,4.8686235
124.0,5.0,1035,345000,52.4168952,4.9067666
56.0,2.0,1054,325000,52.3612327,4.8653587
87.0,3.0,1018,750000,52.3683871,4.9180909
72.0,3.0,1033,245000,52.4095854,4.8868895
49.0,2.0,1056,285000,52.3732792,4.8544858
74.0,3.0,1015,499000,52.3790928,4.885109
132.0,6.0,1087,485000,52.3555895,5.0005613
34.0,2.0,1051,215000,52.3797728,4.8686235
51.0,3.0,1067,235000,52.3765795,4.7834602
75.0,3.0,1034,200000,52.4076495,4.9172724
57.0,3.0,1034,200000,52.4076495,4.9172724
58.0,3.0,1055,279000,52.3817073,4.8540225
98.0,3.0,1016,700000,52.3711467,4.8837046
210.0,5.0,1091,1700000,52.3565396,4.9143228
152.0,5.0,1017,1250000,52.3641851,4.8907747
95.0,4.0,1087,339000,52.3555895,5.0005613
93.0,4.0,1081,399000,52.3337697,4.8522405
163.0,5.0,1081,650000,52.3337697,4.8522405
53.0,2.0,1078,325000,52.3441217,4.8922031
251.0,8.0,1071,1780000,52.3559882,4.8778762
122.0,3.0,1069,324500,52.3576375,4.7901227
45.0,3.0,1055,262500,52.3817073,4.8540225
70.0,3.0,1074,425000,52.351518,4.90679
101.0,4.0,1035,275000,52.4168952,4.9067666
69.0,3.0,1064,225000,52.3724594,4.8192201
54.0,2.0,1072,310000,52.3522009,4.8903141
94.0,4.0,1107,199500,52.2912462,4.9773243
164.0,4.0,1077,1125000,52.3435465,4.8738549
65.0,2.0,1055,285000,52.3817073,4.8540225
51.0,2.0,1056,315000,52.3732792,4.8544858
94.0,4.0,1068,325000,52.3624004,4.8042058
155.0,5.0,1011,900000,52.3729762,4.9039565
53.0,3.0,1072,367500,52.3522009,4.8903141
38.0,2.0,1074,250000,52.351518,4.90679
50.0,3.0,1052,350000,52.3768523,4.87475
163.0,5.0,1079,925000,52.3421834,4.9067927
105.0,4.0,1087,400000,52.3555895,5.0005613
167.0,6.0,1086,384000,52.3617208,4.981714
68.0,3.0,1082,250000,52.3314299,4.8766928
151.0,9.0,1071,1095000,52.3559882,4.8778762
57.0,2.0,1102,145000,52.3135175,4.9547795
81.0,2.0,1081,425000,52.3337697,4.8522405
73.0,3.0,1016,425000,52.3711467,4.8837046
335.0,5.0,1014,3180000,52.3923045,4.8558842
53.0,3.0,1074,335000,52.351518,4.90679
46.0,2.0,1031,285000,52.3903988,4.9020632
109.0,4.0,1106,279000,52.3007124,4.9740506
83.0,3.0,1069,269000,52.3576375,4.7901227
134.0,6.0,1063,425000,52.3815295,4.825779
126.0,3.0,1014,1065000,52.3923045,4.8558842
239.0,4.0,1013,1725000,52.396789,4.8766067
97.0,4.0,1016,695000,52.3711467,4.8837046
122.0,5.0,1056,595000,52.3732792,4.8544858
124.0,4.0,1096,895000,52.3363412,4.9190299
85.0,2.0,1015,525000,52.3790928,4.885109
80.0,3.0,1055,439000,52.3817073,4.8540225
128.0,5.0,1060,449000,40.8046725,-73.9634204
100.0,4.0,1069,445000,52.3576375,4.7901227
12.0,,1019,40000,52.3728583,4.9388278
40.0,1.0,1082,219042,52.3314299,4.8766928
49.0,2.0,1012,300000,52.3733862,4.8940639
50.0,3.0,1094,300000,52.3636588,4.9355226
135.0,3.0,1031,750000,52.3903988,4.9020632
32.0,2.0,1013,325000,52.396789,4.8766067
70.0,4.0,1032,275000,52.395149,4.9162053
112.0,3.0,1077,650000,52.3435465,4.8738549
91.0,3.0,1057,450000,52.3670713,4.8531117
138.0,4.0,1018,1000000,52.3683871,4.9180909
72.0,2.0,1068,225000,52.3624004,4.8042058
200.0,1.0,1079,895000,52.3421834,4.9067927
69.0,3.0,1106,169500,52.3007124,4.9740506
56.0,2.0,1094,277500,52.3636588,4.9355226
219.0,5.0,1098,1000000,52.3511236,4.9482332
68.0,2.0,1069,210000,52.3576375,4.7901227
88.0,4.0,1055,395000,52.3817073,4.8540225
80.0,3.0,1035,225000,52.4168952,4.9067666
61.0,2.0,1071,475000,52.3559882,4.8778762
47.0,3.0,1055,215000,52.3817073,4.8540225
207.0,4.0,1092,950000,52.358913,4.9213875
59.0,4.0,1091,315000,52.3565396,4.9143228
60.0,3.0,1052,275000,52.3768523,4.87475
158.0,6.0,1087,625000,52.3555895,5.0005613
75.0,3.0,1018,400000,52.3683871,4.9180909
529.0,4.0,1079,4690000,52.3421834,4.9067927
117.0,4.0,1077,799000,52.3435465,4.8738549
51.0,3.0,1061,240000,52.3730438,4.837568
84.0,3.0,1024,235000,52.3934948,4.9558257
77.0,3.0,1076,400000,52.3440889,4.860684
32.0,2.0,1012,249000,52.3733862,4.8940639
46.0,2.0,1016,325000,52.3711467,4.8837046
75.0,4.0,1061,350000,52.3730438,4.837568
74.0,3.0,1069,265000,52.3576375,4.7901227
96.0,4.0,1025,290000,52.3996222,4.9369594
87.0,4.0,1102,200000,52.3135175,4.9547795
57.0,3.0,1055,289000,52.3817073,4.8540225
54.0,3.0,1054,320000,52.3612327,4.8653587
170.0,7.0,1057,700000,52.3670713,4.8531117
121.0,3.0,1061,450000,52.3730438,4.837568
140.0,4.0,1018,720000,52.3683871,4.9180909
70.0,2.0,1011,450000,52.3729762,4.9039565
84.0,3.0,1024,200000,52.3934948,4.9558257
120.0,4.0,1026,832500,52.3812323,4.9935529
114.0,4.0,1035,295000,52.4168952,4.9067666
195.0,5.0,1071,2500000,52.3559882,4.8778762
120.0,5.0,1069,435000,52.3576375,4.7901227
52.0,3.0,1023,200000,52.3870802,4.9496855
133.0,5.0,1098,695000,52.3511236,4.9482332
120.0,4.0,1096,693554,52.3363412,4.9190299
25.0,1.0,1013,189000,52.396789,4.8766067
154.0,5.0,1018,999500,52.3683871,4.9180909
108.0,4.0,1056,475000,52.3732792,4.8544858
68.0,3.0,1106,185000,52.3007124,4.9740506
96.0,5.0,1021,350000,52.3834657,4.9173131
78.0,3.0,1019,325000,52.3728583,4.9388278
112.0,4.0,1077,700000,52.3435465,4.8738549
115.0,5.0,1017,650000,52.3641851,4.8907747
64.0,3.0,1074,395000,52.351518,4.90679
140.0,6.0,1015,1300000,52.3790928,4.885109
132.0,4.0,1071,975000,52.3559882,4.8778762
89.0,5.0,1051,469000,52.3797728,4.8686235
69.0,2.0,1012,604840,52.3733862,4.8940639
72.0,4.0,1079,395000,52.3421834,4.9067927
58.0,3.0,1072,399000,52.3522009,4.8903141
96.0,5.0,1068,255000,52.3624004,4.8042058
80.0,3.0,1082,350000,52.3314299,4.8766928
147.0,3.0,1014,1280000,52.3923045,4.8558842
153.0,6.0,1035,575000,52.4168952,4.9067666
48.0,4.0,1055,215000,52.3817073,4.8540225
200.0,7.0,1091,1000000,52.3565396,4.9143228
143.0,3.0,1016,770000,52.3711467,4.8837046
35.0,2.0,1092,225000,52.358913,4.9213875
40.0,2.0,1017,250000,52.3641851,4.8907747
232.0,4.0,1071,2850000,52.3559882,4.8778762
116.0,5.0,1061,425000,52.3730438,4.837568
70.0,3.0,1102,175000,52.3135175,4.9547795
52.0,3.0,1092,269000,52.358913,4.9213875
43.0,3.0,1054,300000,52.3612327,4.8653587
76.0,3.0,1059,450000,52.3460212,4.8461017
33.0,1.0,1013,250000,52.396789,4.8766067
33.0,2.0,1092,199000,52.358913,4.9213875
56.0,4.0,1059,325000,52.3460212,4.8461017
85.0,4.0,1019,369000,52.3728583,4.9388278
48.0,3.0,1053,295000,52.3663937,4.8695863
75.0,3.0,1013,350000,52.396789,4.8766067
124.0,5.0,1058,425000,52.3583805,4.8494046
221.0,7.0,1091,1650000,52.3565396,4.9143228
104.0,4.0,1059,650000,52.3460212,4.8461017
92.0,3.0,1018,499000,52.3683871,4.9180909
74.0,3.0,1076,425000,52.3440889,4.860684
43.0,2.0,1067,195000,52.3765795,4.7834602
51.0,3.0,1058,300000,52.3583805,4.8494046
46.0,2.0,1074,279000,52.351518,4.90679
136.0,4.0,1096,789697,52.3363412,4.9190299
36.0,2.0,1053,210000,52.3663937,4.8695863
105.0,4.0,1021,425000,52.3834657,4.9173131
100.0,3.0,1074,695000,52.351518,4.90679
195.0,5.0,1067,522500,52.3765795,4.7834602
12.0,,1019,27500,52.3728583,4.9388278
145.0,7.0,1064,475000,52.3724594,4.8192201
78.0,3.0,1056,325000,52.3732792,4.8544858
99.0,4.0,1066,315000,52.3431932,4.817434
89.0,3.0,1019,435000,52.3728583,4.9388278
228.0,8.0,1015,1950000,52.3790928,4.885109
176.0,5.0,1018,1090000,52.3683871,4.9180909
48.0,2.0,1055,295000,52.3817073,4.8540225
59.0,2.0,1058,275000,52.3583805,4.8494046
69.0,3.0,1092,350000,52.358913,4.9213875
94.0,4.0,1064,315000,52.3724594,4.8192201
103.0,5.0,1097,700000,52.3449297,4.9319025
88.0,3.0,1017,600000,52.3641851,4.8907747
77.0,4.0,1067,257500,52.3765795,4.7834602
102.0,5.0,1067,330000,52.3765795,4.7834602
45.0,2.0,1053,259500,52.3663937,4.8695863
153.0,3.0,1035,599000,52.4168952,4.9067666
106.0,3.0,1082,800000,52.3314299,4.8766928
51.0,3.0,1071,350000,52.3559882,4.8778762
145.0,4.0,1013,850000,52.396789,4.8766067
77.0,3.0,1012,447500,52.3733862,4.8940639
42.0,2.0,1076,300000,52.3440889,4.860684
255.0,5.0,1081,1295000,52.3337697,4.8522405
90.0,3.0,1073,575000,52.351928,4.896904
82.0,3.0,1025,225000,52.3996222,4.9369594
66.0,2.0,1018,400000,52.3683871,4.9180909
58.0,3.0,1055,294000,52.3817073,4.8540225
150.0,5.0,1076,1100000,52.3440889,4.860684
100.0,4.0,1083,449500,52.3297611,4.888615
99.0,3.0,1087,325000,52.3555895,5.0005613
24.0,1.0,1052,180000,52.3768523,4.87475
68.0,4.0,1098,315000,52.3511236,4.9482332
77.0,3.0,1060,259000,40.8046725,-73.9634204
41.0,3.0,1051,239000,52.3797728,4.8686235
153.0,4.0,1034,1195000,52.4076495,4.9172724
50.0,2.0,1064,189000,52.3724594,4.8192201
79.0,5.0,1109,299000,52.3110148,5.0140928
196.0,7.0,1087,935000,52.3555895,5.0005613
104.0,3.0,1062,400000,52.3517216,4.8371533
96.0,4.0,1019,450000,52.3728583,4.9388278
81.0,3.0,1082,470000,52.3314299,4.8766928
51.0,3.0,1061,240000,52.3730438,4.837568
53.0,2.0,1072,350000,52.3522009,4.8903141
52.0,4.0,1056,289000,52.3732792,4.8544858
72.0,3.0,1078,340000,52.3441217,4.8922031
98.0,4.0,1098,625000,52.3511236,4.9482332
57.0,3.0,1058,340000,52.3583805,4.8494046
51.0,1.0,1061,240000,52.3730438,4.837568
83.0,4.0,1064,225000,52.3724594,4.8192201
109.0,4.0,1059,575000,52.3460212,4.8461017
360.0,8.0,1066,1345000,52.3431932,4.817434
209.0,7.0,1053,1150000,52.3663937,4.8695863
45.0,2.0,1015,265000,52.3790928,4.885109
136.0,5.0,1064,385000,52.3724594,4.8192201
70.0,2.0,1012,495000,52.3733862,4.8940639
112.0,2.0,1072,699000,52.3522009,4.8903141
29.0,1.0,1091,200000,52.3565396,4.9143228
97.0,3.0,1068,295000,52.3624004,4.8042058
40.0,2.0,1013,250000,52.396789,4.8766067
62.0,2.0,1034,240000,52.4076495,4.9172724
197.0,4.0,1082,1500000,52.3314299,4.8766928
411.0,8.0,1016,3650000,52.3711467,4.8837046
125.0,4.0,1033,425000,52.4095854,4.8868895
82.0,3.0,1024,275000,52.3934948,4.9558257
88.0,3.0,1034,300000,52.4076495,4.9172724
208.0,4.0,1082,1600000,52.3314299,4.8766928
79.0,3.0,1051,450000,52.3797728,4.8686235
110.0,5.0,1106,249500,52.3007124,4.9740506
84.0,4.0,1033,215000,52.4095854,4.8868895
63.0,4.0,1059,350000,52.3460212,4.8461017
112.0,4.0,1054,670000,52.3612327,4.8653587
59.0,2.0,1094,325000,52.3636588,4.9355226
99.0,4.0,1067,350000,52.3765795,4.7834602
111.0,3.0,1015,549500,52.3790928,4.885109
109.0,2.0,1016,649000,52.3711467,4.8837046
141.0,6.0,1060,405000,40.8046725,-73.9634204
40.0,2.0,1062,166189,52.3517216,4.8371533
156.0,5.0,1013,850000,52.396789,4.8766067
124.0,6.0,1058,650000,52.3583805,4.8494046
237.0,3.0,1015,1495000,52.3790928,4.885109
74.0,3.0,1018,425000,52.3683871,4.9180909
42.0,2.0,1073,225000,52.351928,4.896904
202.0,8.0,1014,1131408,52.3923045,4.8558842
48.0,2.0,1094,215000,52.3636588,4.9355226
100.0,4.0,1104,265000,52.3164474,4.9802023
124.0,5.0,1058,425000,52.3583805,4.8494046
150.0,5.0,1069,698000,52.3576375,4.7901227
94.0,3.0,1069,319500,52.3576375,4.7901227
94.0,3.0,1102,295000,52.3135175,4.9547795
128.0,9.0,1012,840000,52.3733862,4.8940639
105.0,5.0,1012,625000,52.3733862,4.8940639
109.0,4.0,1103,215000,52.3234207,4.9728948
83.0,6.0,1093,375000,52.3612861,4.9284541
38.0,2.0,1013,295000,52.396789,4.8766067
72.0,4.0,1069,185000,52.3576375,4.7901227
164.0,5.0,1015,1000000,52.3790928,4.885109
158.0,7.0,1026,1195000,52.3812323,4.9935529
81.0,4.0,1026,485000,52.3812323,4.9935529
70.0,3.0,1018,425000,52.3683871,4.9180909
93.0,3.0,1054,675000,52.3612327,4.8653587
157.0,5.0,1017,1100000,52.3641851,4.8907747
105.0,4.0,1054,795000,52.3612327,4.8653587
70.0,3.0,1074,439000,52.351518,4.90679
107.0,4.0,1012,1195000,52.3733862,4.8940639
60.0,3.0,1032,275000,52.395149,4.9162053
131.0,5.0,1034,450000,52.4076495,4.9172724
135.0,4.0,1016,795000,52.3711467,4.8837046
63.0,3.0,1072,389000,52.3522009,4.8903141
263.0,6.0,1016,2600000,52.3711467,4.8837046
100.0,4.0,1058,425000,52.3583805,4.8494046
194.0,4.0,1082,1700000,52.3314299,4.8766928
36.0,2.0,1094,200000,52.3636588,4.9355226
47.0,2.0,1052,Prijs op aanvraag,52.3768523,4.87475
134.0,4.0,1053,695000,52.3663937,4.8695863
100.0,3.0,1057,599000,52.3670713,4.8531117
80.0,3.0,1051,550000,52.3797728,4.8686235
89.0,4.0,1104,209000,52.3164474,4.9802023
91.0,3.0,1087,300000,52.3555895,5.0005613
192.0,6.0,1086,750000,52.3617208,4.981714
127.0,5.0,1058,640000,52.3583805,4.8494046
51.0,2.0,1074,249900,52.351518,4.90679
99.0,3.0,1058,600000,52.3583805,4.8494046
84.0,4.0,1024,199000,52.3934948,4.9558257
134.0,5.0,1069,369000,52.3576375,4.7901227
87.0,5.0,1023,325000,52.3870802,4.9496855
60.0,6.0,1095,475000,52.359026,4.9611967
93.0,4.0,1069,200000,52.3576375,4.7901227
83.0,4.0,1024,235000,52.3934948,4.9558257
126.0,3.0,1014,1085000,52.3923045,4.8558842
129.0,3.0,1012,1310000,52.3733862,4.8940639
81.0,3.0,1035,265000,52.4168952,4.9067666
145.0,4.0,1024,550000,52.3934948,4.9558257
171.0,6.0,1069,519000,52.3576375,4.7901227
43.0,2.0,1072,290000,52.3522009,4.8903141
140.0,5.0,1060,417500,40.8046725,-73.9634204
131.0,5.0,1087,350000,52.3555895,5.0005613
68.0,3.0,1058,400000,52.3583805,4.8494046
200.0,6.0,1075,1300000,52.3515641,4.856651
100.0,5.0,1067,325000,52.3765795,4.7834602
51.0,3.0,1055,265000,52.3817073,4.8540225
39.0,1.0,1052,200000,52.3768523,4.87475
363.0,9.0,1054,4500000,52.3612327,4.8653587
100.0,3.0,1054,525000,52.3612327,4.8653587
64.0,3.0,1055,295000,52.3817073,4.8540225
111.0,4.0,1066,325000,52.3431932,4.817434
52.0,2.0,1092,325000,52.358913,4.9213875
90.0,3.0,1093,375000,52.3612861,4.9284541
70.0,3.0,1055,329000,52.3817073,4.8540225
127.0,3.0,1014,1120000,52.3923045,4.8558842
103.0,4.0,1034,289000,52.4076495,4.9172724
134.0,6.0,1016,795000,52.3711467,4.8837046
37.0,2.0,1091,225000,52.3565396,4.9143228
99.0,4.0,1052,575000,52.3768523,4.87475
145.0,4.0,1014,890208,52.3923045,4.8558842
168.0,5.0,1077,1250000,52.3435465,4.8738549
88.0,4.0,1079,400000,52.3421834,4.9067927
57.0,2.0,1058,320000,52.3583805,4.8494046
78.0,3.0,1066,265000,52.3431932,4.817434
60.0,3.0,1053,435000,52.3663937,4.8695863
27.0,1.0,1013,200000,52.396789,4.8766067
94.0,4.0,1068,265000,52.3624004,4.8042058
235.0,4.0,1017,1410000,52.3641851,4.8907747
230.0,6.0,1060,695000,40.8046725,-73.9634204
65.0,3.0,1075,475000,52.3515641,4.856651
377.0,7.0,1075,3750000,52.3515641,4.856651
72.0,3.0,1017,500000,52.3641851,4.8907747
84.0,4.0,1098,425000,52.3511236,4.9482332
127.0,4.0,1013,1050000,52.396789,4.8766067
124.0,4.0,1054,850000,52.3612327,4.8653587
12.0,,1093,32500,52.3612861,4.9284541
68.0,4.0,1069,195000,52.3576375,4.7901227
152.0,5.0,1071,995000,52.3559882,4.8778762
124.0,4.0,1077,998000,52.3435465,4.8738549
275.0,9.0,1016,1750000,52.3711467,4.8837046
10.0,,1034,29500,52.4076495,4.9172724
128.0,5.0,1017,800000,52.3641851,4.8907747
133.0,5.0,1060,365000,40.8046725,-73.9634204
70.0,3.0,1055,375000,52.3817073,4.8540225
66.0,2.0,1025,209000,52.3996222,4.9369594
83.0,5.0,1109,325000,52.3110148,5.0140928
60.0,3.0,1058,325000,52.3583805,4.8494046
125.0,4.0,1062,464026,52.3517216,4.8371533
47.0,2.0,1095,239000,52.359026,4.9611967
110.0,7.0,1065,310000,52.3560303,4.8296176
71.0,3.0,1015,475000,52.3790928,4.885109
47.0,4.0,1012,475000,52.3733862,4.8940639
324.0,1.0,1081,1865000,52.3337697,4.8522405
124.0,6.0,1060,375000,40.8046725,-73.9634204
134.0,4.0,1074,450000,52.351518,4.90679
153.0,3.0,1013,725000,52.396789,4.8766067
108.0,3.0,1019,499000,52.3728583,4.9388278
84.0,3.0,1092,500000,52.358913,4.9213875
136.0,3.0,1016,900000,52.3711467,4.8837046
325.0,7.0,1016,2000000,52.3711467,4.8837046
59.0,3.0,1075,335000,52.3515641,4.856651
95.0,4.0,1035,300000,52.4168952,4.9067666
76.0,3.0,1056,430000,52.3732792,4.8544858
250.0,8.0,1098,1100000,52.3511236,4.9482332
80.0,3.0,1082,289000,52.3314299,4.8766928
79.0,4.0,1082,325000,52.3314299,4.8766928
75.0,4.0,1018,350000,52.3683871,4.9180909
160.0,2.0,1087,649500,52.3555895,5.0005613
488.0,7.0,1096,3049915,52.3363412,4.9190299
138.0,5.0,1092,725000,52.358913,4.9213875
68.0,3.0,1082,320000,52.3314299,4.8766928
68.0,3.0,1082,300000,52.3314299,4.8766928
144.0,6.0,1079,835000,52.3421834,4.9067927
121.0,3.0,1062,450000,52.3517216,4.8371533
315.0,8.0,1058,2400000,52.3583805,4.8494046
110.0,3.0,1012,665000,52.3733862,4.8940639
50.0,2.0,1011,385000,52.3729762,4.9039565
71.0,2.0,1108,175000,52.3065615,4.9933607
150.0,5.0,1013,1150000,52.396789,4.8766067
335.0,4.0,1017,4000000,52.3641851,4.8907747
138.0,4.0,1060,420000,40.8046725,-73.9634204
73.0,3.0,1034,220000,52.4076495,4.9172724
84.0,4.0,1107,229500,52.2912462,4.9773243
131.0,3.0,1016,930000,52.3711467,4.8837046
55.0,4.0,1055,269000,52.3817073,4.8540225
89.0,2.0,1055,389000,52.3817073,4.8540225
105.0,3.0,1019,475000,52.3728583,4.9388278
162.0,5.0,1095,730000,52.359026,4.9611967
16.0,,1069,25000,52.3576375,4.7901227
79.0,3.0,1103,185000,52.3234207,4.9728948
90.0,4.0,1024,300000,52.3934948,4.9558257
155.0,4.0,1067,385000,52.3765795,4.7834602
97.0,3.0,1055,395000,52.3817073,4.8540225
90.0,3.0,1095,425000,52.359026,4.9611967
68.0,3.0,1062,272883,52.3517216,4.8371533
94.0,5.0,1072,600000,52.3522009,4.8903141
54.0,3.0,1015,449000,52.3790928,4.885109
108.0,4.0,1094,575000,52.3636588,4.9355226
197.0,7.0,1096,1060000,52.3363412,4.9190299
110.0,2.0,1103,215000,52.3234207,4.9728948
75.0,3.0,1051,365000,52.3797728,4.8686235
43.0,2.0,1052,225000,52.3768523,4.87475
83.0,3.0,1079,450000,52.3421834,4.9067927
108.0,3.0,1019,499000,52.3728583,4.9388278
53.0,2.0,1075,325000,52.3515641,4.856651
57.0,5.0,1016,350000,52.3711467,4.8837046
98.0,4.0,1098,625000,52.3511236,4.9482332
384.0,2.0,1012,2550000,52.3733862,4.8940639
139.0,4.0,1093,985000,52.3612861,4.9284541
53.0,3.0,1018,350000,52.3683871,4.9180909
117.0,4.0,1096,693687,52.3363412,4.9190299
55.0,4.0,1055,325000,52.3817073,4.8540225
68.0,3.0,1072,399000,52.3522009,4.8903141
55.0,3.0,1055,275000,52.3817073,4.8540225
99.0,4.0,1069,299000,52.3576375,4.7901227
130.0,5.0,1078,775000,52.3441217,4.8922031
174.0,3.0,1017,1044000,52.3641851,4.8907747
30.0,2.0,1097,225000,52.3449297,4.9319025
92.0,5.0,1035,349511,52.4168952,4.9067666
236.0,6.0,1081,1195000,52.3337697,4.8522405
52.0,2.0,1103,132500,52.3234207,4.9728948
60.0,3.0,1011,435000,52.3729762,4.9039565
44.0,2.0,1052,250000,52.3768523,4.87475
100.0,4.0,1013,635000,52.396789,4.8766067
95.0,3.0,1067,249000,52.3765795,4.7834602
93.0,3.0,1016,595000,52.3711467,4.8837046
147.0,5.0,1015,1050000,52.3790928,4.885109
51.0,2.0,1051,300000,52.3797728,4.8686235
141.0,5.0,1011,1000000,52.3729762,4.9039565
84.0,3.0,1098,350000,52.3511236,4.9482332
50.0,2.0,1094,245000,52.3636588,4.9355226
84.0,3.0,1017,425000,52.3641851,4.8907747
83.0,4.0,1106,220000,52.3007124,4.9740506
218.0,7.0,1077,1000000,52.3435465,4.8738549
167.0,4.0,1054,1379000,52.3612327,4.8653587
130.0,5.0,1087,550000,52.3555895,5.0005613
96.0,3.0,1077,575000,52.3435465,4.8738549
85.0,4.0,1067,300000,52.3765795,4.7834602
18.0,,1035,10000,52.4168952,4.9067666
171.0,4.0,1016,1675000,52.3711467,4.8837046
93.0,4.0,1069,275000,52.3576375,4.7901227
62.0,3.0,1073,389000,52.351928,4.896904
89.0,3.0,1022,389000,40.8033203,-73.9639621
94.0,4.0,1067,290000,52.3765795,4.7834602
54.0,2.0,1054,325000,52.3612327,4.8653587
128.0,3.0,1012,850000,52.3733862,4.8940639
87.0,3.0,1018,435000,52.3683871,4.9180909
39.0,2.0,1016,335000,52.3711467,4.8837046
154.0,5.0,1071,1095000,52.3559882,4.8778762
320.0,5.0,1018,1675000,52.3683871,4.9180909
74.0,3.0,1057,479000,52.3670713,4.8531117
33.0,2.0,1053,239900,52.3663937,4.8695863
61.0,4.0,1051,400000,52.3797728,4.8686235
283.0,9.0,1017,1500000,52.3641851,4.8907747
46.0,2.0,1055,212500,52.3817073,4.8540225
138.0,5.0,1096,1195000,52.3363412,4.9190299
138.0,3.0,1069,500000,52.3576375,4.7901227
109.0,4.0,1103,215000,52.3234207,4.9728948
72.0,4.0,1069,225000,52.3576375,4.7901227
82.0,4.0,1068,245000,52.3624004,4.8042058
68.0,3.0,1063,225000,52.3815295,4.825779
142.0,3.0,1018,985000,52.3683871,4.9180909
146.0,5.0,1104,275000,52.3164474,4.9802023
147.0,4.0,1031,825000,52.3903988,4.9020632
90.0,4.0,1064,399000,52.3724594,4.8192201
147.0,8.0,1071,975000,52.3559882,4.8778762
118.0,4.0,1014,650000,52.3923045,4.8558842
181.0,3.0,1014,1500000,52.3923045,4.8558842
84.0,3.0,1073,550000,52.351928,4.896904
128.0,5.0,1104,299000,52.3164474,4.9802023
95.0,4.0,1102,215000,52.3135175,4.9547795
87.0,3.0,1095,389000,52.359026,4.9611967
104.0,4.0,1054,689000,52.3612327,4.8653587
235.0,5.0,1017,1900000,52.3641851,4.8907747
183.0,4.0,1091,1085000,52.3565396,4.9143228
57.0,4.0,1055,300000,52.3817073,4.8540225
78.0,2.0,1082,375000,52.3314299,4.8766928
100.0,3.0,1078,500000,52.3441217,4.8922031
90.0,4.0,1067,330000,52.3765795,4.7834602
236.0,0.0,1086,985000,52.3617208,4.981714
52.0,2.0,1054,375000,52.3612327,4.8653587
108.0,4.0,1015,785000,52.3790928,4.885109
124.0,5.0,1035,675000,52.4168952,4.9067666
192.0,5.0,1072,1250000,52.3522009,4.8903141
46.0,2.0,1073,300000,52.351928,4.896904
117.0,4.0,1071,825000,52.3559882,4.8778762
43.0,2.0,1063,165000,52.3815295,4.825779
156.0,5.0,1013,1250000,52.396789,4.8766067
120.0,4.0,1077,825000,52.3435465,4.8738549
36.0,1.0,1082,213593,52.3314299,4.8766928
144.0,5.0,1058,750000,52.3583805,4.8494046
85.0,3.0,1082,325000,52.3314299,4.8766928
203.0,6.0,1025,650000,52.3996222,4.9369594
70.0,3.0,1107,175000,52.2912462,4.9773243
43.0,2.0,1067,195000,52.3765795,4.7834602
102.0,3.0,1012,625000,52.3733862,4.8940639
85.0,5.0,1068,260000,52.3624004,4.8042058
42.0,2.0,1064,175000,52.3724594,4.8192201
60.0,3.0,1012,375000,52.3733862,4.8940639
42.0,2.0,1015,299000,52.3790928,4.885109
215.0,7.0,1083,1850000,52.3297611,4.888615
60.0,2.0,1054,375000,52.3612327,4.8653587
89.0,3.0,1104,220000,52.3164474,4.9802023
166.0,4.0,1014,1068250,52.3923045,4.8558842
86.0,4.0,1102,199000,52.3135175,4.9547795
62.0,1.0,1037,349000,52.4238336,4.8680792
160.0,4.0,1017,1225000,52.3641851,4.8907747
145.0,5.0,1017,1100000,52.3641851,4.8907747
128.0,3.0,1075,1595000,52.3515641,4.856651
132.0,5.0,1069,339000,52.3576375,4.7901227
95.0,6.0,1106,265000,52.3007124,4.9740506
66.0,3.0,1054,425000,52.3612327,4.8653587
100.0,5.0,1107,245000,52.2912462,4.9773243
31.0,2.0,1052,215000,52.3768523,4.87475
55.0,3.0,1079,315000,52.3421834,4.9067927
113.0,4.0,1011,800000,52.3729762,4.9039565
24.0,2.0,1015,189000,52.3790928,4.885109
93.0,3.0,1019,445000,52.3728583,4.9388278
100.0,4.0,1024,250000,52.3934948,4.9558257
226.0,6.0,1086,1020000,52.3617208,4.981714
81.0,3.0,1068,200000,52.3624004,4.8042058
106.0,5.0,1025,298800,52.3996222,4.9369594
135.0,3.0,1011,985000,52.3729762,4.9039565
81.0,3.0,1068,219000,52.3624004,4.8042058
106.0,5.0,1066,395000,52.3431932,4.817434
175.0,0.0,1098,895000,52.3511236,4.9482332
84.0,4.0,1025,200000,52.3996222,4.9369594
68.0,3.0,1060,225000,40.8046725,-73.9634204
98.0,4.0,1058,400000,52.3583805,4.8494046
125.0,6.0,1095,560000,52.359026,4.9611967
150.0,7.0,1052,1350000,52.3768523,4.87475
52.0,3.0,1091,289000,52.3565396,4.9143228
70.0,4.0,1023,280000,52.3870802,4.9496855
35.0,2.0,1082,185000,52.3314299,4.8766928
104.0,3.0,1072,649500,52.3522009,4.8903141
103.0,3.0,1016,500000,52.3711467,4.8837046
51.0,3.0,1061,242500,52.3730438,4.837568
61.0,3.0,1075,439000,52.3515641,4.856651
110.0,4.0,1095,450000,52.359026,4.9611967
59.0,3.0,1055,275000,52.3817073,4.8540225
195.0,6.0,1054,1250000,52.3612327,4.8653587
115.0,3.0,1015,885000,52.3790928,4.885109
151.0,6.0,1087,569000,52.3555895,5.0005613
64.0,3.0,1098,300000,52.3511236,4.9482332
115.0,5.0,1056,649000,52.3732792,4.8544858
239.0,8.0,1068,1450000,52.3624004,4.8042058
47.0,2.0,1095,225000,52.359026,4.9611967
92.0,4.0,1013,550000,52.396789,4.8766067
80.0,3.0,1034,275000,52.4076495,4.9172724
90.0,3.0,1056,435000,52.3732792,4.8544858
46.0,2.0,1062,225000,52.3517216,4.8371533
119.0,5.0,1066,359000,52.3431932,4.817434
79.0,4.0,1052,420000,52.3768523,4.87475
44.0,2.0,1051,259000,52.3797728,4.8686235
293.0,0.0,1011,3250000,52.3729762,4.9039565
49.0,3.0,1055,250000,52.3817073,4.8540225
109.0,4.0,1098,549500,52.3511236,4.9482332
65.0,3.0,1051,325000,52.3797728,4.8686235
34.0,2.0,1082,179000,52.3314299,4.8766928
88.0,3.0,1076,450000,52.3440889,4.860684
47.0,2.0,1015,325000,52.3790928,4.885109
116.0,4.0,1012,900000,52.3733862,4.8940639
80.0,3.0,1025,235000,52.3996222,4.9369594
402.0,2.0,1017,4100000,52.3641851,4.8907747
60.0,4.0,1023,289000,52.3870802,4.9496855
155.0,5.0,1060,439000,40.8046725,-73.9634204
81.0,3.0,1068,220000,52.3624004,4.8042058
75.0,4.0,1061,350000,52.3730438,4.837568
118.0,6.0,1082,625000,52.3314299,4.8766928
62.0,2.0,1091,375000,52.3565396,4.9143228
148.0,6.0,1058,750000,52.3583805,4.8494046
58.0,1.0,1018,365000,52.3683871,4.9180909
83.0,4.0,1024,250000,52.3934948,4.9558257
165.0,6.0,1012,749000,52.3733862,4.8940639
238.0,6.0,1014,1028685,52.3923045,4.8558842
380.0,9.0,1077,3800000,52.3435465,4.8738549
90.0,3.0,1087,345000,52.3555895,5.0005613
94.0,3.0,1087,349500,52.3555895,5.0005613
144.0,5.0,1087,600000,52.3555895,5.0005613
51.0,3.0,1056,295000,52.3732792,4.8544858
108.0,4.0,1095,500000,52.359026,4.9611967
135.0,4.0,1032,685000,52.395149,4.9162053
78.0,3.0,1069,225000,52.3576375,4.7901227
65.0,3.0,1054,450000,52.3612327,4.8653587
100.0,4.0,1087,390000,52.3555895,5.0005613
62.0,3.0,1053,350000,52.3663937,4.8695863
98.0,4.0,1104,225000,52.3164474,4.9802023
55.0,2.0,1016,375000,52.3711467,4.8837046
79.0,4.0,1062,265000,52.3517216,4.8371533
135.0,4.0,1096,758289,52.3363412,4.9190299
110.0,4.0,1018,650000,52.3683871,4.9180909
398.0,8.0,1067,1250000,52.3765795,4.7834602
120.0,4.0,1060,389000,40.8046725,-73.9634204
155.0,5.0,1078,899000,52.3441217,4.8922031
169.0,6.0,1081,599000,52.3337697,4.8522405
67.0,3.0,1106,169500,52.3007124,4.9740506
49.0,2.0,1054,350000,52.3612327,4.8653587
100.0,4.0,1024,250000,52.3934948,4.9558257
56.0,3.0,1055,225000,52.3817073,4.8540225
53.0,3.0,1031,320000,52.3903988,4.9020632
173.0,6.0,1035,850000,52.4168952,4.9067666
95.0,5.0,1068,299000,52.3624004,4.8042058
110.0,5.0,1015,750000,52.3790928,4.885109
95.0,3.0,1067,275000,52.3765795,4.7834602
70.0,4.0,1061,255000,52.3730438,4.837568
54.0,2.0,1074,325000,52.351518,4.90679
120.0,3.0,1032,680000,52.395149,4.9162053
46.0,2.0,1031,285000,52.3903988,4.9020632
51.0,2.0,1073,325000,52.351928,4.896904
99.0,3.0,1095,425000,52.359026,4.9611967
61.0,3.0,1082,324500,52.3314299,4.8766928
173.0,4.0,1023,870000,52.3870802,4.9496855
94.0,4.0,1019,500000,52.3728583,4.9388278
141.0,5.0,1060,375000,40.8046725,-73.9634204
88.0,3.0,1017,750000,52.3641851,4.8907747
78.0,3.0,1060,249000,40.8046725,-73.9634204
46.0,2.0,1095,250000,52.359026,4.9611967
100.0,4.0,1051,500000,52.3797728,4.8686235
95.0,3.0,1068,270000,52.3624004,4.8042058
88.0,3.0,1053,475000,52.3663937,4.8695863
56.0,3.0,1097,300000,52.3449297,4.9319025
112.0,2.0,1018,440000,52.3683871,4.9180909
69.0,4.0,1109,225000,52.3110148,5.0140928
72.0,3.0,1104,185000,52.3164474,4.9802023
138.0,5.0,1083,1495000,52.3297611,4.888615
67.0,3.0,1074,415000,52.351518,4.90679
133.0,5.0,1067,Prijs op aanvraag,52.3765795,4.7834602
74.0,4.0,1076,400000,52.3440889,4.860684
72.0,4.0,1069,199500,52.3576375,4.7901227
78.0,3.0,1013,400000,52.396789,4.8766067
17.0,,1082,42500,52.3314299,4.8766928
67.0,3.0,1058,435500,52.3583805,4.8494046
313.0,9.0,1016,2100000,52.3711467,4.8837046
85.0,4.0,1102,210000,52.3135175,4.9547795
145.0,5.0,1060,395000,40.8046725,-73.9634204
130.0,4.0,1011,900000,52.3729762,4.9039565
164.0,5.0,1054,995000,52.3612327,4.8653587
32.0,2.0,1012,250000,52.3733862,4.8940639
170.0,4.0,1068,525000,52.3624004,4.8042058
95.0,4.0,1103,245000,52.3234207,4.9728948
235.0,5.0,1017,1900000,52.3641851,4.8907747
26.0,,1077,100000,52.3435465,4.8738549
77.0,3.0,1082,299000,52.3314299,4.8766928
126.0,3.0,1087,349000,52.3555895,5.0005613
72.0,4.0,1057,399060,52.3670713,4.8531117
58.0,3.0,1061,255000,52.3730438,4.837568
59.0,3.0,1077,359000,52.3435465,4.8738549
98.0,4.0,1068,250000,52.3624004,4.8042058
90.0,3.0,1058,495000,52.3583805,4.8494046
67.0,3.0,1053,450000,52.3663937,4.8695863
117.0,3.0,1082,939000,52.3314299,4.8766928
85.0,3.0,1067,235000,52.3765795,4.7834602
84.0,2.0,1015,600000,52.3790928,4.885109
61.0,2.0,1052,375000,52.3768523,4.87475
78.0,3.0,1031,425000,52.3903988,4.9020632
85.0,3.0,1091,350000,52.3565396,4.9143228
126.0,3.0,1013,850000,52.396789,4.8766067
134.0,7.0,1054,825000,52.3612327,4.8653587
75.0,4.0,1061,350000,52.3730438,4.837568
83.0,4.0,1106,260000,52.3007124,4.9740506
53.0,2.0,1072,295000,52.3522009,4.8903141
110.0,4.0,1066,350000,52.3431932,4.817434
185.0,5.0,1068,685000,52.3624004,4.8042058
65.0,2.0,1018,449000,52.3683871,4.9180909
34.0,1.0,1093,209000,52.3612861,4.9284541
35.0,1.0,1082,195319,52.3314299,4.8766928
36.0,2.0,1066,165000,52.3431932,4.817434
78.0,3.0,1075,475000,52.3515641,4.856651
72.0,3.0,1075,449000,52.3515641,4.856651
50.0,2.0,1052,250000,52.3768523,4.87475
95.0,2.0,1018,439000,52.3683871,4.9180909
181.0,7.0,1059,875000,52.3460212,4.8461017
97.0,3.0,1053,459000,52.3663937,4.8695863
34.0,1.0,1102,97500,52.3135175,4.9547795
160.0,6.0,1078,785000,52.3441217,4.8922031
90.0,1.0,1018,649000,52.3683871,4.9180909
53.0,2.0,1015,325000,52.3790928,4.885109
138.0,5.0,1079,749000,52.3421834,4.9067927
95.0,3.0,1013,865000,52.396789,4.8766067
92.0,4.0,1104,195000,52.3164474,4.9802023
86.0,5.0,1098,495000,52.3511236,4.9482332
100.0,3.0,1069,250000,52.3576375,4.7901227
192.0,7.0,1075,1390000,52.3515641,4.856651
105.0,4.0,1059,699000,52.3460212,4.8461017
80.0,3.0,1059,499000,52.3460212,4.8461017
104.0,3.0,1015,735000,52.3790928,4.885109
58.0,3.0,1058,300000,52.3583805,4.8494046
80.0,3.0,1068,275000,52.3624004,4.8042058
46.0,2.0,1055,212500,52.3817073,4.8540225
92.0,5.0,1067,339000,52.3765795,4.7834602
41.0,2.0,1053,225000,52.3663937,4.8695863
80.0,3.0,1051,500000,52.3797728,4.8686235
160.0,4.0,1069,779500,52.3576375,4.7901227
82.0,3.0,1022,420000,40.8033203,-73.9639621
80.0,2.0,1018,599000,52.3683871,4.9180909
203.0,9.0,1077,1295000,52.3435465,4.8738549
109.0,4.0,1018,499000,52.3683871,4.9180909
65.0,3.0,1019,325000,52.3728583,4.9388278
99.0,4.0,1025,275000,52.3996222,4.9369594
50.0,2.0,1058,299000,52.3583805,4.8494046
193.0,5.0,1017,1100000,52.3641851,4.8907747
150.0,7.0,1052,1350000,52.3768523,4.87475
59.0,3.0,1074,425000,52.351518,4.90679
169.0,5.0,1087,575000,52.3555895,5.0005613
100.0,3.0,1012,550000,52.3733862,4.8940639
270.0,2.0,1087,1450000,52.3555895,5.0005613
68.0,3.0,1055,325000,52.3817073,4.8540225
118.0,6.0,1077,649000,52.3435465,4.8738549
66.0,2.0,1094,275000,52.3636588,4.9355226
61.0,3.0,1055,300000,52.3817073,4.8540225
162.0,8.0,1060,475000,40.8046725,-73.9634204
71.0,3.0,1079,299000,52.3421834,4.9067927
77.0,4.0,1033,298000,52.4095854,4.8868895
130.0,4.0,1060,299000,40.8046725,-73.9634204
87.0,3.0,1019,425000,52.3728583,4.9388278
58.0,3.0,1063,225000,52.3815295,4.825779
66.0,3.0,1093,375000,52.3612861,4.9284541
43.0,2.0,1021,210000,52.3834657,4.9173131
126.0,2.0,1109,430000,52.3110148,5.0140928
121.0,4.0,1011,725000,52.3729762,4.9039565
145.0,5.0,1015,850000,52.3790928,4.885109
120.0,4.0,1069,399000,52.3576375,4.7901227
40.0,2.0,1059,239511,52.3460212,4.8461017
106.0,3.0,1032,525000,52.395149,4.9162053
103.0,4.0,1091,550000,52.3565396,4.9143228
75.0,3.0,1021,310000,52.3834657,4.9173131
171.0,5.0,1060,550000,40.8046725,-73.9634204
62.0,3.0,1015,350000,52.3790928,4.885109
222.0,8.0,1077,1250000,52.3435465,4.8738549
84.0,3.0,1078,469000,52.3441217,4.8922031
148.0,4.0,1023,995000,52.3870802,4.9496855
73.0,3.0,1034,350000,52.4076495,4.9172724
52.0,2.0,1076,300000,52.3440889,4.860684
122.0,4.0,1077,1045000,52.3435465,4.8738549
135.0,4.0,1096,758289,52.3363412,4.9190299
207.0,5.0,1015,1290000,52.3790928,4.885109
105.0,4.0,1067,330000,52.3765795,4.7834602
115.0,4.0,1054,849000,52.3612327,4.8653587
136.0,4.0,1075,1250000,52.3515641,4.856651
51.0,2.0,1095,275000,52.359026,4.9611967
