Дата,Газпром,Лукойл,Роснефть,Сбербанк,Ростелеком
28.12.2012,"   144,31","  2 005,90","   269,51","   92,85","   119,75"
27.12.2012,"   145,00","  2 014,00","   267,86","   92,67","   118,88"
26.12.2012,"   144,90","  2 018,40","   267,18","   92,27","   118,65"
25.12.2012,"   144,54","  2 014,00","   265,29","   92,70","   118,38"
24.12.2012,"   145,24","  2 016,10","   265,59","   92,77","   119,65"
21.12.2012,"   143,38","  2 024,00","   261,02","   93,55","   119,09"
20.12.2012,"   141,33","  2 018,20","   261,34","   94,44","   119,65"
19.12.2012,"   141,16","  2 010,80","   262,46","   95,15","   120,47"
18.12.2012,"   140,79","  2 014,40","   262,69","   94,88","   118,76"
17.12.2012,"   139,26","  1 998,80","   258,70","   93,36","   117,87"
14.12.2012,"   139,47","  2 002,10","   257,32","   93,36","   118,31"
13.12.2012,"   139,93","  2 002,30","   252,41","   93,13","   118,26"
12.12.2012,"   140,75","  2 015,60","   251,42","   93,87","   117,23"
11.12.2012,"   139,97","  1 985,80","   248,94","   93,50","   115,06"
10.12.2012,"   140,16","  1 996,50","   250,65","   93,36","   113,45"
07.12.2012,"   139,14","  1 978,60","   248,10","   92,76","   112,72"
06.12.2012,"   140,08","  1 985,50","   248,73","   93,70","   112,38"
05.12.2012,"   141,58","  1 968,60","   245,74","   93,42","   109,42"
04.12.2012,"   140,21","  1 938,80","   242,25","   92,12","   108,91"
03.12.2012,"   139,71","  1 947,90","   242,96","   91,86","   108,12"
30.11.2012,"   137,88","  1 926,00","   245,38","   90,32","   109,60"
29.11.2012,"   137,79","  1 899,20","   242,85","   88,34","   110,07"
28.11.2012,"   137,56","  1 901,80","   238,27","   88,03","   112,84"
27.11.2012,"   139,16","  1 923,80","   241,77","   89,37","   116,76"
26.11.2012,"   140,82","  1 919,30","   240,39","   89,51","   119,50"
23.11.2012,"   141,68","  1 918,50","   241,13","   88,76","   120,16"
22.11.2012,"   142,64","  1 914,70","   245,23","   87,73","   120,28"
21.11.2012,"   141,33","  1 912,00","   250,29","   87,32","   120,37"
20.11.2012,"   141,29","  1 904,60","   249,34","   86,98","   119,50"
19.11.2012,"   141,42","  1 902,20","   251,26","   86,97","   122,18"
16.11.2012,"   140,47","  1 884,20","   247,57","   85,91","   120,20"
15.11.2012,"   139,92","  1 877,10","   247,31","   85,09","   119,69"
14.11.2012,"   139,17","  1 854,20","   243,48","   84,62","   119,48"
13.11.2012,"   141,75","  1 864,80","   243,15","   85,28","   117,96"
12.11.2012,"   145,03","  1 921,70","   242,46","   86,20","   118,71"
09.11.2012,"   144,34","  1 917,00","   240,70","   85,56","   116,76"
08.11.2012,"   143,15","  1 921,70","   241,48","   87,70","   118,91"
07.11.2012,"   146,08","  1 940,90","   244,66","   90,90","   123,32"
06.11.2012,"   145,54","  1 950,80","   250,83","   91,55","   122,16"
02.11.2012,"   145,81","  1 934,70","   248,48","   92,09","   122,97"
01.11.2012,"   143,62","  1 901,60","   239,05","   91,16","   123,43"
31.10.2012,"   146,03","  1 913,90","   232,13","   91,84","   123,72"
30.10.2012,"   148,60","  1 899,80","   233,09","   91,58","   123,13"
29.10.2012,"   150,77","  1 885,80","   230,12","   91,53","   124,02"
26.10.2012,"   151,02","  1 891,20","   230,57","   91,85","   124,81"
25.10.2012,"   153,04","  1 920,70","   232,25","   93,20","   126,84"
24.10.2012,"   152,62","  1 922,70","   232,62","   93,50","   129,55"
23.10.2012,"   154,47","  1 950,60","   222,10","   93,54","   132,12"
22.10.2012,"   155,16","  1 973,60","   217,40","   93,72","   132,53"
19.10.2012,"   154,42","  1 978,70","   217,52","   93,17","   133,49"
18.10.2012,"   155,84","  1 980,60","   216,61","   93,69","   135,72"
17.10.2012,"   155,48","  1 974,50","   211,91","   92,84","   135,13"
16.10.2012,"   153,21","  1 938,30","   209,12","   91,71","   132,73"
15.10.2012,"   152,44","  1 929,30","   208,54","   91,70","   132,90"
12.10.2012,"   152,53","  1 931,70","   208,82","   91,97","   132,45"
11.10.2012,"   155,19","  1 940,90","   210,28","   92,60","   134,55"
10.10.2012,"   155,83","  1 948,90","   210,56","   92,19","   135,54"
09.10.2012,"   158,36","  1 951,50","   211,51","   92,69","   136,24"
08.10.2012,"   158,27","  1 928,10","   210,93","   92,51","   134,16"
05.10.2012,"   159,18","  1 941,40","   211,86","   92,87","   136,91"
04.10.2012,"   156,49","  1 926,80","   208,05","   91,42","   135,09"
03.10.2012,"   158,67","  1 955,90","   210,02","   91,93","   136,21"
02.10.2012,"   159,28","  1 960,00","   211,31","   91,77","   137,38"
01.10.2012,"   159,30","  1 943,50","   211,50","   91,77","   136,73"
28.09.2012,"   157,86","  1 927,00","   209,70","   90,88","   134,95"
27.09.2012,"   157,37","  1 909,10","   206,12","   90,16","   132,84"
26.09.2012,"   158,22","  1 916,30","   205,52","   92,22","   134,20"
25.09.2012,"   161,73","  1 949,40","   209,66","   94,02","   139,41"
24.09.2012,"   161,71","  1 932,50","   207,90","   93,79","   138,78"
21.09.2012,"   164,41","  1 966,70","   213,03","   94,09","   138,10"
20.09.2012,"   163,54","  1 962,20","   209,07","   93,48","   135,98"
19.09.2012,"   165,91","  1 975,40","   208,71","   93,75","   134,27"
18.09.2012,"   168,16","  2 010,10","   211,30","   95,41","   134,62"
17.09.2012,"   169,72","  2 031,60","   212,03","   95,47","   132,33"
14.09.2012,"   168,65","  1 993,70","   209,85","   96,22","   129,44"
13.09.2012,"   162,42","  1 933,00","   203,03","   93,00","   126,72"
12.09.2012,"   163,68","  1 930,20","   203,40","   93,90","   127,63"
11.09.2012,"   163,27","  1 923,10","   201,19","   93,75","   127,98"
10.09.2012,"   163,72","  1 931,40","   201,68","   94,12","   126,42"
07.09.2012,"   162,27","  1 919,70","   201,04","   94,84","   126,39"
06.09.2012,"   156,63","  1 877,80","   197,57","   93,42","   124,98"
05.09.2012,"   155,84","  1 866,70","   195,47","   92,63","   123,79"
04.09.2012,"   158,07","  1 869,80","   197,36","   93,85","   125,57"
03.09.2012,"   158,19","  1 849,70","   195,65","   94,04","   124,00"
31.08.2012,"   156,19","  1 848,70","   195,10","   93,62","   124,98"
30.08.2012,"   155,49","  1 872,50","   196,46","   93,99","   125,31"
29.08.2012,"   156,31","  1 876,80","   198,39","   94,81","   125,51"
28.08.2012,"   156,40","  1 880,80","   199,44","   93,99","   125,64"
27.08.2012,"   156,63","  1 878,80","   200,03","   93,04","   125,23"
24.08.2012,"   156,63","  1 875,10","   199,74","   92,73","   125,22"
23.08.2012,"   158,20","  1 888,80","   202,74","   94,06","   126,47"
22.08.2012,"   156,02","  1 863,90","   200,41","   92,80","   124,26"
21.08.2012,"   156,52","  1 880,00","   201,00","   92,94","   125,22"
20.08.2012,"   154,94","  1 857,40","   198,85","   91,66","   123,73"
17.08.2012,"   157,40","  1 873,70","   201,65","   92,82","   125,76"
16.08.2012,"   156,11","  1 865,10","   201,24","   93,05","   126,08"
15.08.2012,"   154,60","  1 865,20","   200,11","   92,50","   124,63"
14.08.2012,"   156,16","  1 885,00","   203,64","   93,69","   125,74"
13.08.2012,"   155,49","  1 880,60","   202,89","   93,72","   124,55"
10.08.2012,"   153,76","  1 862,20","   200,37","   92,59","   121,08"
09.08.2012,"   155,34","  1 867,50","   202,67","   94,04","   119,28"
08.08.2012,"   155,17","  1 871,20","   200,83","   93,58","   116,73"
07.08.2012,"   155,39","  1 857,90","   198,14","   93,76","   116,84"
06.08.2012,"   153,22","  1 840,30","   196,44","   92,95","   117,03"
03.08.2012,"   149,16","  1 820,40","   192,97","   90,05","   115,64"
02.08.2012,"   149,48","  1 837,20","   195,34","   89,30","   113,87"
01.08.2012,"   150,42","  1 833,90","   197,11","   90,07","   112,99"
31.07.2012,"   152,53","  1 828,30","   197,71","   90,29","   112,78"
30.07.2012,"   154,30","  1 834,30","   200,72","   91,36","   115,34"
27.07.2012,"   150,47","  1 804,40","   197,02","   89,33","   114,15"
26.07.2012,"   147,25","  1 780,30","   194,45","   87,65","   113,88"
25.07.2012,"   146,50","  1 788,10","   195,38","   85,89","   113,72"
24.07.2012,"   147,18","  1 793,10","   199,22","   85,42","   112,51"
23.07.2012,"   150,03","  1 795,70","   201,08","   87,21","   114,07"
20.07.2012,"   154,52","  1 808,60","   205,60","   90,69","   117,75"
19.07.2012,"   156,68","  1 835,30","   209,13","   92,41","   119,18"
18.07.2012,"   155,38","  1 845,40","   209,11","   91,57","   119,26"
17.07.2012,"   155,75","  1 844,80","   208,61","   91,57","   119,52"
16.07.2012,"   153,86","  1 826,30","   205,88","   90,83","   118,40"
13.07.2012,"   153,16","  1 808,60","   204,78","   90,22","   120,28"
12.07.2012,"   152,15","  1 792,70","   202,81","   89,10","   116,98"
11.07.2012,"   153,56","  1 800,70","   204,87","   90,09","   117,43"
10.07.2012,"   155,31","  1 818,80","   208,46","   90,89","   119,64"
09.07.2012,"   155,02","  1 831,90","   208,02","   89,43","   119,55"
06.07.2012,"   156,03","  1 820,60","   209,53","   89,65","   118,93"
05.07.2012,"   158,88","  1 841,80","   211,81","   91,16","   119,56"
04.07.2012,"   158,55","  1 828,20","   210,82","   90,43","   120,19"
03.07.2012,"   157,93","  1 821,90","   209,02","   89,58","   118,89"
02.07.2012,"   154,80","  1 807,50","   205,48","   87,23","   116,63"
29.06.2012,"   153,44","  1 798,00","   205,42","   85,45","   116,08"
28.06.2012,"   151,97","  1 769,40","   203,04","   83,51","   112,65"
27.06.2012,"   152,28","  1 754,00","   201,73","   84,18","   114,40"
26.06.2012,"   151,95","  1 729,00","   200,77","   83,28","   112,78"
25.06.2012,"   152,67","  1 711,40","   201,89","   82,72","   110,34"
22.06.2012,"   154,75","  1 726,90","   205,33","   83,90","   110,35"
21.06.2012,"   156,77","  1 738,40","   205,92","   85,34","   113,48"
20.06.2012,"   157,89","  1 746,70","   201,52","   86,16","   114,89"
19.06.2012,"   158,09","  1 752,70","   201,36","   86,29","   117,14"
18.06.2012,"   157,31","  1 741,10","   201,29","   85,98","   114,69"
15.06.2012,"   153,98","  1 725,10","   199,85","   83,74","   111,59"
14.06.2012,"   151,60","  1 708,90","   197,26","   82,88","   112,00"
13.06.2012,"   152,79","  1 712,90","   198,66","   82,74","   113,00"
09.06.2012,"   151,96","  1 712,00","   198,71","   81,80","   111,33"
08.06.2012,"   150,60","  1 707,50","   198,36","   81,14","   108,65"
07.06.2012,"   151,16","  1 707,80","   198,90","   82,01","   108,62"
06.06.2012,"   149,96","  1 712,30","   197,73","   79,42","   108,30"
05.06.2012,"   151,20","  1 715,90","   198,82","   78,50","   107,53"
04.06.2012,"   150,22","  1 735,60","   204,41","   77,70","   107,74"
01.06.2012,"   146,89","  1 734,60","   204,74","   79,94","   106,81"
31.05.2012,"   148,46","  1 722,70","   207,12","   81,97","   108,79"
30.05.2012,"   148,62","  1 703,90","   201,16","   82,82","   113,28"
29.05.2012,"   147,23","  1 713,70","   197,09","   82,29","   114,73"
28.05.2012,"   144,80","  1 667,50","   194,02","   80,94","   115,99"
25.05.2012,"   143,15","  1 643,80","   195,58","   81,27","   115,58"
24.05.2012,"   139,64","  1 622,70","   195,55","   79,83","   114,90"
23.05.2012,"   140,46","  1 602,70","   195,99","   79,94","   114,60"
22.05.2012,"   143,70","  1 629,00","   199,20","   82,26","   119,53"
21.05.2012,"   140,97","  1 615,20","   194,07","   80,20","   121,25"
18.05.2012,"   139,94","  1 602,20","   199,74","   78,38","   122,95"
17.05.2012,"   143,41","  1 626,60","   201,54","   82,74","   122,72"
16.05.2012,"   146,86","  1 661,10","   201,66","   87,03","   121,79"
15.05.2012,"   148,11","  1 661,90","   198,75","   87,70","   123,71"
14.05.2012,"   153,24","  1 655,60","   200,23","   89,02","   124,45"
12.05.2012,"   157,45","  1 674,60","   202,37","   90,68","   126,10"
11.05.2012,"   157,69","  1 729,40","   201,21","   90,26","   127,89"
10.05.2012,"   165,30","  1 742,80","   196,12","   91,00","   128,31"
08.05.2012,"   165,49","  1 700,50","   195,85","   89,12","   124,72"
07.05.2012,"   163,21","  1 709,70","   197,31","   88,41","   122,44"
05.05.2012,"   163,05","  1 719,90","   197,84","   90,38","   125,37"
04.05.2012,"   165,41","  1 737,00","   202,63","   91,37","   127,92"
03.05.2012,"   168,75","  1 777,20","   208,64","   92,87","   133,89"
02.05.2012,"   169,84","  1 800,50","   212,37","   94,54","   134,44"
28.04.2012,"   168,98","  1 792,20","   209,69","   93,77","   136,08"
27.04.2012,"   167,07","  1 770,50","   207,92","   93,19","   134,32"
26.04.2012,"   165,05","  1 760,10","   206,18","   92,76","   133,76"
25.04.2012,"   165,51","  1 772,60","   208,94","   93,60","   135,15"
24.04.2012,"   165,14","  1 768,70","   208,18","   92,58","   136,21"
23.04.2012,"   167,90","  1 775,60","   212,13","   93,17","   137,05"
20.04.2012,"   170,57","  1 792,20","   215,94","   94,48","   138,44"
19.04.2012,"   171,25","  1 793,20","   214,82","   94,11","   138,56"
18.04.2012,"   170,18","  1 779,10","   212,00","   93,64","   135,93"
17.04.2012,"   171,89","  1 783,60","   210,78","   92,32","   135,30"
16.04.2012,"   176,87","  1 802,90","   212,95","   92,50","   138,28"
13.04.2012,"   177,90","  1 817,00","   210,35","   94,34","   139,30"
12.04.2012,"   175,22","  1 804,40","   208,14","   95,57","   140,30"
11.04.2012,"   176,31","  1 812,10","   209,65","   96,17","   141,66"
10.04.2012,"   178,49","  1 798,20","   209,45","   96,17","   141,91"
09.04.2012,"   177,92","  1 777,90","   207,12","   94,36","   142,94"
06.04.2012,"   179,82","  1 785,50","   209,59","   96,69","   141,49"
05.04.2012,"   180,76","  1 790,50","   210,05","   96,12","   141,68"
04.04.2012,"   182,13","  1 786,40","   209,21","   96,82","   142,41"
03.04.2012,"   183,91","  1 806,60","   212,11","   96,99","   146,41"
02.04.2012,"   182,34","  1 786,30","   211,12","   95,41","   145,64"
30.03.2012,"   180,73","  1 790,10","   209,33","   95,13","   145,00"
29.03.2012,"   178,35","  1 786,80","   204,84","   94,86","   143,73"
28.03.2012,"   180,91","  1 817,40","   207,56","   96,71","   145,77"
27.03.2012,"   184,57","  1 847,90","   211,62","   99,57","   146,94"
26.03.2012,"   183,77","  1 846,00","   212,59","   99,03","   148,40"
23.03.2012,"   181,37","  1 818,80","   209,64","   96,73","   146,97"
22.03.2012,"   182,73","  1 828,40","   209,28","   97,01","   148,27"
21.03.2012,"   186,00","  1 850,80","   211,47","   98,42","   149,53"
20.03.2012,"   187,76","  1 854,10","   212,59","   98,85","   149,02"
19.03.2012,"   193,32","  1 880,80","   215,15","   99,85","   149,69"
16.03.2012,"   198,06","  1 904,10","   220,80","   100,40","   149,85"
15.03.2012,"   199,23","  1 929,90","   224,32","   101,16","   150,65"
14.03.2012,"   198,78","  1 922,70","   222,94","   102,89","   148,13"
13.03.2012,"   197,78","  1 911,70","   222,28","   100,07","   145,96"
12.03.2012,"   197,17","  1 891,20","   222,96","   99,24","   145,22"
11.03.2012,"   196,94","  1 877,90","   224,27","   99,56","   144,11"
07.03.2012,"   193,13","  1 842,80","   220,60","   97,35","   144,06"
06.03.2012,"   195,19","  1 868,90","   222,99","   99,52","   145,70"
05.03.2012,"   197,95","  1 902,00","   226,64","   102,36","   148,30"
02.03.2012,"   194,73","  1 875,10","   222,98","   100,86","   147,42"
01.03.2012,"   193,01","  1 864,60","   223,26","   99,71","   146,24"
29.02.2012,"   193,59","  1 861,70","   226,13","   99,79","   146,11"
28.02.2012,"   192,51","  1 845,90","   227,01","   99,26","   145,96"
27.02.2012,"   193,92","  1 869,60","   225,41","   99,25","   148,07"
24.02.2012,"   191,82","  1 837,10","   222,79","   97,73","   147,63"
22.02.2012,"   188,68","  1 808,10","   218,63","   96,46","   148,10"
21.02.2012,"   189,35","  1 855,80","   218,09","   96,74","   149,74"
20.02.2012,"   191,04","  1 887,20","   219,69","   97,74","   151,66"
17.02.2012,"   190,47","  1 877,80","   219,11","   96,95","   150,85"
16.02.2012,"   189,13","  1 865,30","   218,08","   96,05","   150,83"
15.02.2012,"   192,43","  1 879,40","   217,85","   97,22","   151,89"
14.02.2012,"   192,06","  1 858,50","   215,89","   96,28","   152,09"
13.02.2012,"   191,35","  1 836,40","   214,98","   95,79","   151,08"
10.02.2012,"   188,11","  1 807,50","   213,29","   94,15","   149,94"
09.02.2012,"   188,97","  1 815,20","   212,19","   95,61","   151,08"
08.02.2012,"   189,76","  1 815,30","   220,26","   94,91","   153,07"
07.02.2012,"   189,22","  1 801,80","   226,77","   93,61","   152,75"
06.02.2012,"   189,58","  1 809,60","   231,74","   94,11","   153,37"
03.02.2012,"   188,00","  1 802,00","   231,07","   93,60","   153,54"
02.02.2012,"   186,52","  1 789,40","   228,42","   92,87","   151,76"
01.02.2012,"   185,03","  1 784,30","   225,60","   91,16","   151,93"
31.01.2012,"   183,38","  1 772,30","   225,92","   90,37","   147,96"
30.01.2012,"   182,23","  1 768,00","   224,77","   89,67","   146,69"
27.01.2012,"   183,99","  1 768,40","   227,45","   90,57","   148,69"
26.01.2012,"   185,66","  1 777,10","   228,05","   89,41","   148,82"
25.01.2012,"   185,13","  1 781,10","   227,87","   87,00","   148,38"
24.01.2012,"   183,39","  1 791,00","   230,16","   84,92","   148,40"
23.01.2012,"   182,74","  1 808,90","   231,35","   84,82","   149,15"
20.01.2012,"   185,31","  1 810,20","   231,15","   85,50","   150,77"
19.01.2012,"   184,81","  1 812,50","   230,67","   85,51","   153,21"
18.01.2012,"   181,68","  1 797,30","   229,49","   84,72","   153,04"
17.01.2012,"   180,97","  1 791,90","   229,95","   84,91","   154,03"
16.01.2012,"   177,48","  1 750,80","   226,62","   83,56","   152,72"
13.01.2012,"   178,42","  1 756,10","   225,84","   84,49","   154,07"
12.01.2012,"   179,23","  1 777,70","   227,69","   85,19","   153,14"
11.01.2012,"   178,12","  1 782,70","   227,06","   85,50","   151,29"
10.01.2012,"   179,11","  1 782,90","   226,03","   86,06","   154,50"
09.01.2012,"   176,05","  1 748,90","   220,66","   83,62","   153,35"
06.01.2012,"   177,71","  1 734,50","   220,47","   83,06","   153,85"
05.01.2012,"   177,64","  1 724,10","   220,88","   83,19","   153,68"
04.01.2012,"   176,66","  1 722,20","   220,43","   83,42","   152,90"
03.01.2012,"   174,71","  1 722,50","   217,63","   81,41","   154,22"
30.12.2011,"   171,39","  1 699,70","   212,41","   79,13","   153,19"
29.12.2011,"   167,78","  1 670,60","   208,55","   78,02","   149,01"
28.12.2011,"   170,20","  1 664,10","   212,57","   79,52","   150,32"
27.12.2011,"   170,50","  1 645,40","   211,35","   80,37","   150,59"
26.12.2011,"   170,74","  1 650,50","   211,07","   81,16","   153,49"
23.12.2011,"   171,08","  1 643,30","   211,43","   80,31","   152,10"
22.12.2011,"   170,00","  1 632,60","   211,01","   80,30","   144,76"
21.12.2011,"   171,25","  1 650,60","   213,45","   82,02","   143,96"
20.12.2011,"   167,84","  1 634,80","   209,82","   81,52","   144,44"
19.12.2011,"   166,95","  1 618,50","   205,56","   80,64","   146,92"
16.12.2011,"   171,06","  1 624,50","   206,78","   81,94","   144,54"
15.12.2011,"   166,67","  1 605,20","   204,43","   80,80","   140,35"
14.12.2011,"   168,15","  1 624,10","   206,85","   82,41","   143,39"
13.12.2011,"   164,90","  1 608,30","   202,89","   80,81","   143,33"
12.12.2011,"   169,54","  1 617,30","   208,65","   82,56","   144,41"
09.12.2011,"   171,76","  1 618,50","   210,19","   83,01","   145,99"
08.12.2011,"   177,90","  1 693,60","   219,96","   86,40","   153,09"
07.12.2011,"   174,83","  1 658,00","   217,14","   85,77","   151,00"
06.12.2011,"   179,82","  1 698,40","   220,25","   87,84","   156,01"
05.12.2011,"   183,87","  1 720,20","   223,96","   89,90","   159,46"
02.12.2011,"   184,06","  1 702,80","   224,26","   89,66","   159,16"
01.12.2011,"   179,60","  1 725,00","   224,34","   88,59","   161,19"
30.11.2011,"   173,08","  1 717,70","   220,73","   84,43","   160,31"
29.11.2011,"   171,85","  1 705,00","   217,29","   82,56","   160,31"
28.11.2011,"   170,25","  1 687,70","   213,45","   81,58","   160,04"
25.11.2011,"   164,01","  1 615,60","   201,87","   75,72","   158,10"
24.11.2011,"   168,03","  1 646,60","   205,27","   76,29","   154,52"
23.11.2011,"   169,17","  1 655,30","   206,70","   76,21","   154,42"
22.11.2011,"   171,13","  1 657,90","   206,02","   76,71","   154,48"
21.11.2011,"   173,13","  1 667,80","   208,37","   77,71","   152,70"
18.11.2011,"   181,05","  1 721,60","   216,93","   79,62","   153,03"
17.11.2011,"   185,35","  1 735,10","   220,57","   79,60","   153,80"
16.11.2011,"   187,22","  1 746,50","   222,54","   80,07","   155,49"
15.11.2011,"   183,40","  1 721,80","   219,35","   79,83","   154,53"
14.11.2011,"   184,70","  1 737,20","   220,77","   81,12","   156,05"
11.11.2011,"   182,49","  1 746,70","   219,31","   80,21","   155,73"
10.11.2011,"   181,21","  1 768,20","   219,88","   78,77","   153,09"
09.11.2011,"   181,45","  1 774,30","   222,05","   82,12","   150,30"
08.11.2011,"   184,15","  1 801,70","   226,95","   84,08","   154,97"
07.11.2011,"   182,35","  1 780,10","   222,33","   81,19","   154,18"
03.11.2011,"   181,17","  1 749,10","   215,85","   78,81","   154,38"
02.11.2011,"   180,15","  1 756,30","   215,34","   78,19","   158,19"
01.11.2011,"   174,50","  1 750,30","   213,02","   78,60","   156,25"
31.10.2011,"   0,00","   0,00","   0,00","   0,00","   0,00"
28.10.2011,"   186,20","  1 761,60","   224,13","   85,24","   157,51"
27.10.2011,"   184,78","  1 783,40","   221,98","   85,97","   156,68"
26.10.2011,"   174,89","  1 773,20","   211,44","   83,58","   155,03"
25.10.2011,"   168,94","  1 762,50","   207,50","   82,76","   152,84"
24.10.2011,"   168,06","  1 759,10","   204,87","   83,48","   147,95"
21.10.2011,"   163,55","  1 716,30","   198,07","   81,09","   145,23"
20.10.2011,"   162,08","  1 695,00","   193,83","   79,95","   141,11"
19.10.2011,"   162,58","  1 708,50","   195,57","   80,39","   145,39"
18.10.2011,"   160,02","  1 687,10","   194,17","   77,44","   143,90"
17.10.2011,"   163,25","  1 687,20","   198,36","   81,83","   145,05"
14.10.2011,"   0,00","   0,00","   0,00","   0,00","   0,00"
13.10.2011,"   160,01","  1 671,40","   196,96","   74,96","   148,00"
12.10.2011,"   0,00","   0,00","   0,00","   0,00","   0,00"
11.10.2011,"   152,65","  1 657,00","   193,67","   70,01","   144,85"
10.10.2011,"   151,38","  1 629,30","   194,16","   68,59","   146,25"
07.10.2011,"   151,38","  1 615,70","   191,67","   67,61","   142,57"
06.10.2011,"   149,11","  1 591,70","   182,26","   65,24","   134,68"
05.10.2011,"   144,00","  1 566,30","   175,97","   62,86","   134,02"
04.10.2011,"   148,58","  1 568,10","   179,12","   64,78","   142,31"
03.10.2011,"   152,82","  1 617,40","   185,79","   68,30","   146,58"
30.09.2011,"   154,88","  1 619,00","   190,89","   72,00","   149,19"
29.09.2011,"   156,91","  1 647,20","   193,69","   73,06","   151,67"
28.09.2011,"   155,09","  1 615,40","   192,42","   71,52","   150,52"
27.09.2011,"   157,43","  1 615,20","   192,40","   71,96","   151,53"
26.09.2011,"   153,33","  1 575,40","   188,02","   69,90","   150,31"
23.09.2011,"   149,90","  1 557,40","   184,38","   70,45","   151,60"
22.09.2011,"   156,73","  1 671,50","   197,70","   77,42","   158,62"
21.09.2011,"   165,55","  1 771,60","   211,91","   81,53","   164,27"
20.09.2011,"   165,66","  1 764,70","   213,46","   81,59","   164,72"
19.09.2011,"   163,95","  1 727,90","   210,63","   80,40","   164,02"
16.09.2011,"   165,10","  1 728,20","   215,99","   81,40","   164,81"
15.09.2011,"   167,73","  1 758,10","   218,88","   81,54","   165,18"
14.09.2011,"   165,75","  1 730,60","   217,93","   80,43","   161,83"
13.09.2011,"   164,77","  1 720,30","   217,29","   80,12","   164,46"
12.09.2011,"   164,62","  1 702,90","   217,20","   79,97","   166,58"
09.09.2011,"   171,32","  1 730,00","   223,00","   84,30","   176,69"
08.09.2011,"   174,09","  1 755,80","   227,25","   84,63","   180,83"
07.09.2011,"   172,39","  1 753,40","   227,37","   82,72","   182,45"
06.09.2011,"   169,47","  1 713,10","   221,92","   80,46","   179,54"
05.09.2011,"   169,01","  1 704,70","   223,93","   80,84","   182,24"
02.09.2011,"   172,99","  1 713,70","   227,68","   83,20","   179,73"
01.09.2011,"   176,46","  1 724,30","   228,19","   84,13","   183,75"
31.08.2011,"   177,97","  1 737,20","   225,43","   83,72","   185,69"
30.08.2011,"   177,55","  1 726,40","   224,60","   82,21","   175,54"
29.08.2011,"   176,05","  1 727,80","   216,07","   80,32","   166,37"
26.08.2011,"   170,59","  1 661,20","   201,92","   77,70","   158,86"
25.08.2011,"   173,51","  1 679,30","   202,84","   79,55","   159,79"
24.08.2011,"   171,29","  1 673,40","   199,89","   77,50","   159,57"
23.08.2011,"   169,60","  1 648,50","   200,83","   78,47","   159,83"
22.08.2011,"   168,26","  1 627,70","   199,04","   78,92","   155,30"
19.08.2011,"   165,53","  1 600,30","   196,99","   78,04","   143,62"
18.08.2011,"   171,22","  1 622,00","   205,85","   83,76","   152,23"
17.08.2011,"   172,97","  1 637,80","   208,92","   86,41","   156,40"
16.08.2011,"   170,72","  1 617,00","   204,35","   86,00","   160,06"
15.08.2011,"   173,09","  1 643,80","   206,34","   86,86","   156,10"
12.08.2011,"   166,85","  1 629,30","   199,18","   84,43","   139,04"
11.08.2011,"   160,04","  1 589,70","   193,58","   83,99","   135,83"
10.08.2011,"   165,23","  1 642,40","   205,17","   90,01","   156,28"
09.08.2011,"   164,23","  1 646,70","   202,33","   88,18","   154,11"
08.08.2011,"   176,20","  1 684,90","   212,50","   92,69","   167,53"
05.08.2011,"   180,66","  1 708,30","   219,18","   96,20","   172,34"
04.08.2011,"   190,87","  1 762,30","   227,11","   99,83","   189,85"
03.08.2011,"   196,44","  1 799,50","   232,36","   101,02","   198,13"
02.08.2011,"   200,40","  1 842,10","   237,02","   102,36","   204,56"
01.08.2011,"   203,06","  1 873,60","   239,04","   103,43","   206,42"
29.07.2011,"   199,90","  1 841,70","   235,63","   101,78","   205,28"
28.07.2011,"   201,34","  1 855,70","   238,57","   102,03","   203,96"
27.07.2011,"   201,39","  1 862,40","   240,24","   102,27","   209,56"
26.07.2011,"   201,68","  1 872,10","   242,01","   102,46","   215,30"
25.07.2011,"   200,38","  1 861,30","   240,56","   101,63","   215,84"
22.07.2011,"   203,38","  1 871,80","   240,17","   102,56","   214,14"
21.07.2011,"   200,39","  1 835,20","   235,18","   101,38","   215,48"
20.07.2011,"   201,43","  1 831,40","   234,46","   102,77","   205,36"
19.07.2011,"   199,51","  1 823,80","   230,77","   102,26","   200,54"
18.07.2011,"   199,71","  1 831,70","   230,94","   103,46","   205,45"
15.07.2011,"   200,79","  1 833,50","   234,32","   104,98","   204,93"
14.07.2011,"   201,59","  1 825,80","   235,26","   103,77","   204,70"
13.07.2011,"   202,14","  1 811,40","   234,30","   102,87","   202,53"
12.07.2011,"   200,32","  1 802,70","   233,81","   101,58","   198,89"
11.07.2011,"   202,95","  1 814,00","   235,82","   103,58","   198,77"
08.07.2011,"   206,52","  1 839,40","   240,21","   106,24","   194,01"
07.07.2011,"   206,23","  1 828,90","   240,00","   106,39","   191,29"
06.07.2011,"   203,02","  1 800,10","   238,09","   104,12","   189,31"
05.07.2011,"   203,45","  1 806,00","   237,81","   104,52","   190,69"
04.07.2011,"   204,99","  1 798,20","   236,67","   104,72","   190,31"
01.07.2011,"   204,45","  1 788,30","   235,04","   103,15","   187,24"
30.06.2011,"   203,15","  1 767,00","   236,02","   99,81","   191,95"
29.06.2011,"   201,19","  1 765,10","   236,72","   99,60","   188,66"
28.06.2011,"   197,41","  1 762,50","   232,14","   97,57","   191,33"
27.06.2011,"   197,52","  1 738,00","   229,34","   96,41","   189,27"
24.06.2011,"   199,74","  1 747,50","   231,54","   96,35","   182,33"
23.06.2011,"   198,73","  1 731,70","   231,05","   94,83","   184,98"
22.06.2011,"   200,79","  1 745,30","   233,81","   95,63","   190,45"
21.06.2011,"   201,03","  1 745,50","   236,51","   95,99","   198,42"
20.06.2011,"   199,20","  1 730,20","   237,51","   94,71","   215,42"
17.06.2011,"   201,32","  1 749,40","   243,20","   96,23","   199,61"
16.06.2011,"   203,54","  1 759,60","   244,99","   96,43","   174,14"
15.06.2011,"   207,82","  1 780,80","   248,66","   98,03","   167,78"
14.06.2011,"   209,35","  1 785,10","   248,57","   97,86","   164,11"
10.06.2011,"   209,21","  1 794,90","   248,98","   98,32","   161,53"
09.06.2011,"   208,92","  1 792,80","   249,11","   97,18","   162,05"
08.06.2011,"   205,27","  1 774,80","   244,87","   95,51","   160,92"
07.06.2011,"   201,36","  1 779,60","   241,68","   96,28","   161,99"
06.06.2011,"   195,84","  1 747,40","   236,23","   95,07","   160,16"
03.06.2011,"   198,81","  1 772,30","   237,61","   95,66","   161,48"
02.06.2011,"   200,60","  1 761,90","   237,25","   96,09","   160,06"
01.06.2011,"   204,90","  1 798,50","   241,52","   97,29","   161,92"
31.05.2011,"   206,03","  1 795,40","   242,99","   98,36","   160,20"
30.05.2011,"   203,34","  1 756,00","   241,11","   97,23","   158,44"
27.05.2011,"   199,65","  1 751,40","   237,17","   96,60","   157,48"
26.05.2011,"   196,45","  1 738,60","   231,63","   95,31","   160,97"
25.05.2011,"   194,77","  1 724,10","   228,71","   94,24","   161,98"
24.05.2011,"   194,09","  1 718,80","   225,91","   93,02","   161,56"
23.05.2011,"   192,25","  1 694,40","   222,43","   92,03","   159,96"
20.05.2011,"   199,42","  1 730,90","   228,08","   95,44","   163,43"
19.05.2011,"   203,70","  1 754,90","   230,11","   97,04","   161,72"
18.05.2011,"   200,89","  1 749,20","   228,80","   97,07","   163,96"
17.05.2011,"   197,71","  1 746,40","   227,87","   97,16","   169,15"
16.05.2011,"   198,85","  1 716,60","   230,37","   97,82","   177,25"
13.05.2011,"   202,49","  1 734,30","   232,38","   97,69","   178,33"
12.05.2011,"   204,42","  1 735,40","   229,54","   96,04","   174,05"
11.05.2011,"   214,36","  1 805,20","   236,58","   97,73","   173,13"
10.05.2011,"   214,08","  1 814,10","   235,50","   98,19","   170,20"
06.05.2011,"   208,58","  1 823,60","   229,34","   96,43","   163,88"
05.05.2011,"   209,59","  1 814,20","   229,38","   96,44","   157,56"
04.05.2011,"   216,93","  1 852,20","   234,73","   97,44","   158,71"
03.05.2011,"   226,16","  1 878,10","   239,21","   98,61","   161,34"
29.04.2011,"   230,67","  1 891,90","   244,63","   99,91","   165,97"
28.04.2011,"   232,70","  1 907,50","   244,81","   100,54","   165,69"
27.04.2011,"   231,78","  1 903,20","   243,50","   100,71","   170,32"
26.04.2011,"   232,49","  1 924,50","   245,81","   101,20","   168,77"
25.04.2011,"   236,98","  1 959,80","   251,18","   103,44","   167,44"
22.04.2011,"   236,40","  1 960,00","   251,01","   103,63","   170,61"
21.04.2011,"   233,44","  1 964,50","   253,48","   103,11","   164,94"
20.04.2011,"   229,29","  1 963,80","   253,88","   102,94","   161,49"
19.04.2011,"   223,34","  1 925,40","   245,72","   101,39","   160,44"
18.04.2011,"   223,58","  1 925,90","   243,14","   102,61","   163,04"
15.04.2011,"   229,38","  1 968,60","   246,34","   106,17","   167,50"
14.04.2011,"   230,04","  1 962,00","   247,71","   105,26","   168,46"
13.04.2011,"   235,42","  1 980,60","   253,44","   105,13","   169,42"
12.04.2011,"   238,06","  1 989,60","   257,96","   106,16","   170,28"
11.04.2011,"   244,44","  2 030,70","   263,47","   108,50","   173,79"
08.04.2011,"   241,25","  2 048,70","   266,89","   108,42","   173,86"
07.04.2011,"   238,49","  2 047,20","   267,72","   107,13","   176,29"
06.04.2011,"   239,69","  2 067,30","   268,94","   107,60","   176,26"
05.04.2011,"   237,27","  2 045,80","   265,08","   106,91","   170,99"
04.04.2011,"   238,24","  2 056,20","   265,78","   108,86","   171,52"
01.04.2011,"   232,40","  2 053,00","   263,29","   108,10","   172,59"
31.03.2011,"   229,51","  2 024,40","   261,34","   106,88","   171,10"
30.03.2011,"   228,03","  2 023,70","   264,97","   107,24","   169,59"
29.03.2011,"   224,29","  1 994,50","   265,14","   106,38","   172,34"
28.03.2011,"   224,50","  2 027,20","   268,28","   106,31","   176,40"
25.03.2011,"   223,66","  2 036,70","   266,32","   106,28","   171,69"
24.03.2011,"   223,65","  2 035,80","   267,52","   103,28","   162,18"
23.03.2011,"   221,89","  1 997,20","   260,87","   100,35","   162,42"
22.03.2011,"   221,10","  1 978,30","   255,50","   100,54","   160,11"
21.03.2011,"   223,63","  2 018,60","   256,81","   100,57","   156,51"
18.03.2011,"   223,85","  2 006,60","   257,59","   99,14","   156,77"
17.03.2011,"   224,04","  1 976,10","   256,67","   96,63","   155,62"
16.03.2011,"   221,27","  1 952,20","   254,93","   95,76","   157,89"
15.03.2011,"   214,09","  1 946,30","   250,93","   94,77","   157,16"
14.03.2011,"   213,95","  1 994,20","   256,30","   98,32","   161,86"
11.03.2011,"   207,70","  1 996,70","   254,15","   98,62","   164,57"
10.03.2011,"   210,91","  2 013,60","   258,28","   101,06","   166,12"
09.03.2011,"   213,93","  2 059,10","   265,47","   102,65","   163,90"
05.03.2011,"   213,66","  2 056,00","   268,74","   101,10","   160,91"
04.03.2011,"   213,33","  2 036,10","   267,22","   101,21","   161,02"
03.03.2011,"   214,33","  2 048,10","   271,28","   101,47","   161,65"
02.03.2011,"   210,44","  2 018,80","   268,91","   98,88","   158,24"
01.03.2011,"   212,12","  2 035,90","   269,86","   101,39","   158,51"
28.02.2011,"   210,52","  2 021,73","   273,51","   101,29","   154,69"
25.02.2011,"   208,41","  1 991,52","   272,02","   98,77","   152,52"
24.02.2011,"   204,99","  1 998,30","   271,76","   96,45","   146,48"
22.02.2011,"   197,05","  1 952,26","   263,21","   98,18","   150,71"
21.02.2011,"   197,85","  1 946,14","   259,03","   100,84","   155,42"
18.02.2011,"   195,53","  1 915,29","   255,89","   100,91","   157,08"
17.02.2011,"   198,44","  1 923,29","   258,40","   101,62","   160,31"
16.02.2011,"   198,40","  1 902,86","   256,73","   100,37","   161,40"
15.02.2011,"   201,91","  1 909,25","   257,64","   101,33","   160,99"
14.02.2011,"   206,84","  1 920,87","   255,09","   101,88","   161,89"
11.02.2011,"   207,20","  1 905,16","   251,32","   99,15","   161,49"
10.02.2011,"   210,89","  1 909,21","   248,29","   97,48","   162,01"
09.02.2011,"   212,82","  1 929,33","   250,88","   100,47","   166,89"
08.02.2011,"   213,15","  1 955,99","   253,61","   102,10","   167,02"
07.02.2011,"   212,87","  1 957,95","   254,56","   102,17","   167,48"
04.02.2011,"   211,64","  1 964,90","   258,20","   103,39","   167,54"
03.02.2011,"   209,24","  1 958,82","   254,98","   103,80","   168,53"
02.02.2011,"   208,94","  1 939,11","   258,53","   105,30","   170,75"
01.02.2011,"   201,49","  1 875,73","   258,72","   106,03","   169,78"
31.01.2011,"   197,01","  1 831,53","   252,50","   105,05","   164,79"
28.01.2011,"   200,61","  1 859,42","   252,82","   107,40","   167,10"
27.01.2011,"   199,19","  1 878,16","   249,51","   108,38","   167,55"
26.01.2011,"   195,28","  1 909,84","   244,99","   107,68","   168,97"
25.01.2011,"   190,60","  1 891,98","   242,39","   105,52","   168,62"
24.01.2011,"   190,42","  1 895,22","   242,41","   104,24","   165,91"
21.01.2011,"   193,11","  1 908,96","   244,85","   105,19","   169,64"
20.01.2011,"   194,73","  1 899,18","   240,64","   106,04","   168,96"
19.01.2011,"   199,18","  1 924,82","   245,96","   108,10","   169,62"
18.01.2011,"   199,19","  1 918,23","   247,11","   109,42","   173,15"
17.01.2011,"   197,91","  1 924,61","   241,90","   108,92","   175,79"
14.01.2011,"   195,75","  1 886,87","   231,74","   107,23","   178,51"
13.01.2011,"   199,83","  1 893,20","   233,59","   107,50","   178,00"
12.01.2011,"   197,96","  1 832,86","   230,10","   105,58","   177,84"
11.01.2011,"   193,11","  1 787,14","   223,13","   103,37","   161,56"
30.12.2010,"   193,28","  1 736,55","   218,90","   104,05","   155,45"
29.12.2010,"   193,46","  1 748,19","   220,64","   104,12","   147,64"
28.12.2010,"   194,83","  1 744,00","   219,47","   104,95","   145,32"
27.12.2010,"   195,04","  1 741,48","   218,77","   105,51","   143,05"
24.12.2010,"   195,47","  1 753,68","   219,96","   106,44","   145,51"
23.12.2010,"   195,82","  1 761,86","   220,76","   106,94","   146,45"
22.12.2010,"   196,86","  1 756,72","   221,39","   107,24","   146,52"
21.12.2010,"   195,48","  1 744,49","   220,74","   106,38","   146,62"
20.12.2010,"   193,78","  1 749,10","   219,73","   105,68","   146,81"
17.12.2010,"   195,29","  1 759,15","   218,36","   106,35","   147,13"
16.12.2010,"   193,79","  1 748,08","   217,41","   106,99","   146,24"
15.12.2010,"   196,31","  1 751,77","   219,88","   107,16","   145,89"
14.12.2010,"   195,78","  1 742,76","   220,90","   107,21","   145,98"
13.12.2010,"   195,42","  1 773,97","   223,66","   107,04","   147,05"
10.12.2010,"   192,65","  1 776,21","   218,57","   104,87","   146,57"
09.12.2010,"   192,38","  1 768,55","   217,48","   105,40","   146,34"
08.12.2010,"   191,63","  1 805,43","   218,79","   106,62","   145,05"
07.12.2010,"   194,34","  1 847,88","   221,26","   107,37","   143,35"
06.12.2010,"   193,09","  1 836,18","   218,43","   104,15","   139,19"
03.12.2010,"   191,02","  1 811,72","   218,42","   103,12","   139,57"
02.12.2010,"   186,50","  1 799,59","   215,48","   103,30","   140,10"
01.12.2010,"   179,17","  1 770,39","   211,29","   102,74","   139,94"
30.11.2010,"   173,55","  1 717,44","   208,16","   100,71","   138,97"
29.11.2010,"   174,46","  1 699,91","   210,74","   101,74","   139,28"
26.11.2010,"   173,76","  1 714,53","   211,40","   101,24","   139,33"
25.11.2010,"   172,37","  1 728,87","   213,68","   102,04","   138,80"
24.11.2010,"   168,27","  1 709,94","   211,14","   99,22","   138,39"
23.11.2010,"   167,97","  1 706,69","   210,59","   98,32","   139,03"
22.11.2010,"   171,93","  1 738,10","   214,54","   99,78","   141,12"
19.11.2010,"   170,83","  1 735,61","   214,25","   98,67","   140,04"
18.11.2010,"   170,01","  1 728,73","   214,05","   98,83","   141,31"
17.11.2010,"   168,91","  1 719,43","   212,38","   96,30","   139,72"
16.11.2010,"   169,54","  1 731,00","   214,10","   96,41","   139,02"
15.11.2010,"   172,07","  1 739,98","   217,34","   98,76","   139,79"
13.11.2010,"   171,22","  1 732,01","   215,82","   97,45","   139,56"
12.11.2010,"   171,42","  1 748,08","   215,93","   97,27","   136,52"
11.11.2010,"   173,68","  1 766,98","   220,16","   99,33","   137,72"
10.11.2010,"   174,30","  1 777,58","   221,73","   101,86","   143,16"
09.11.2010,"   175,86","  1 787,04","   223,23","   104,05","   141,65"
08.11.2010,"   174,56","  1 776,95","   221,53","   105,06","   139,85"
03.11.2010,"   170,19","  1 762,39","   217,27","   103,05","   138,83"
02.11.2010,"   169,86","  1 752,53","   217,99","   102,57","   138,81"
01.11.2010,"   170,33","  1 747,01","   217,84","   102,53","   139,91"
29.10.2010,"   168,82","  1 722,83","   215,30","   99,74","   137,17"
28.10.2010,"   168,29","  1 726,73","   214,78","   100,15","   137,05"
27.10.2010,"   167,70","  1 740,01","   215,49","   100,53","   137,33"
26.10.2010,"   168,62","  1 742,95","   216,72","   101,05","   136,59"
25.10.2010,"   170,49","  1 746,93","   218,76","   103,32","   136,54"
22.10.2010,"   167,29","  1 749,52","   217,17","   102,55","   137,63"
21.10.2010,"   164,10","  1 752,86","   215,43","   100,92","   138,56"
20.10.2010,"   161,72","  1 740,54","   208,81","   96,01","   138,65"
19.10.2010,"   163,27","  1 763,76","   209,95","   96,11","   138,55"
18.10.2010,"   161,92","  1 770,35","   209,26","   93,76","   137,62"
15.10.2010,"   161,88","  1 807,96","   209,81","   91,67","   137,35"
14.10.2010,"   163,49","  1 789,09","   212,13","   91,86","   140,07"
13.10.2010,"   164,05","  1 778,29","   213,89","   91,56","   137,83"
12.10.2010,"   163,10","  1 750,51","   211,81","   90,73","   136,44"
11.10.2010,"   164,48","  1 743,51","   211,99","   91,27","   136,32"
08.10.2010,"   162,12","  1 726,75","   207,42","   89,90","   135,36"
07.10.2010,"   163,03","  1 753,85","   210,42","   90,82","   136,20"
06.10.2010,"   163,28","  1 765,47","   212,94","   91,75","   135,48"
05.10.2010,"   161,46","  1 740,95","   214,69","   90,58","   132,35"
04.10.2010,"   162,03","  1 746,67","   212,18","   89,91","   133,81"
01.10.2010,"   160,68","  1 743,54","   207,95","   88,04","   134,27"
30.09.2010,"   158,97","  1 725,06","   203,11","   84,93","   134,09"
29.09.2010,"   158,28","  1 718,02","   199,11","   83,94","   135,79"
28.09.2010,"   156,57","  1 720,11","   199,05","   83,13","   134,56"
27.09.2010,"   158,76","  1 761,65","   202,01","   84,52","   136,20"
24.09.2010,"   158,05","  1 793,09","   201,72","   84,38","   133,87"
23.09.2010,"   159,77","  1 791,77","   200,71","   83,28","   134,94"
22.09.2010,"   161,69","  1 779,79","   201,47","   83,12","   137,21"
21.09.2010,"   163,79","  1 739,73","   204,53","   83,78","   138,90"
20.09.2010,"   162,62","  1 717,65","   203,20","   82,59","   136,53"
17.09.2010,"   163,67","  1 711,30","   204,45","   83,21","   138,73"
16.09.2010,"   163,15","  1 719,52","   204,73","   83,84","   140,96"
15.09.2010,"   162,81","  1 708,71","   201,01","   84,00","   143,10"
14.09.2010,"   163,57","  1 708,41","   204,79","   84,82","   140,04"
13.09.2010,"   165,72","  1 716,07","   207,65","   84,83","   132,81"
10.09.2010,"   164,88","  1 708,41","   205,85","   83,36","   131,86"
09.09.2010,"   165,60","  1 703,39","   205,50","   83,41","   129,18"
08.09.2010,"   162,80","  1 681,65","   201,20","   81,21","   123,57"
07.09.2010,"   161,46","  1 664,03","   199,92","   80,45","   123,51"
06.09.2010,"   163,73","  1 667,61","   203,94","   81,90","   123,35"
03.09.2010,"   163,06","  1 674,35","   202,48","   81,38","   122,10"
02.09.2010,"   162,66","  1 665,37","   201,71","   80,60","   120,90"
01.09.2010,"   160,01","  1 637,97","   197,52","   79,01","   121,06"
31.08.2010,"   157,23","  1 635,87","   194,74","   76,93","   124,26"
30.08.2010,"   159,55","  1 664,93","   197,36","   77,73","   117,61"
27.08.2010,"   157,71","  1 660,19","   195,68","   76,33","   109,33"
26.08.2010,"   157,75","  1 653,57","   195,73","   75,59","   108,29"
25.08.2010,"   156,34","  1 638,41","   195,67","   74,94","   108,18"
24.08.2010,"   157,06","  1 631,31","   195,95","   76,25","   110,20"
23.08.2010,"   158,54","  1 645,01","   198,12","   78,17","   108,79"
20.08.2010,"   159,09","  1 635,33","   199,92","   78,81","   108,81"
19.08.2010,"   163,07","  1 656,93","   203,04","   80,81","   110,31"
18.08.2010,"   162,98","  1 648,26","   201,81","   80,49","   110,84"
17.08.2010,"   163,82","  1 653,30","   203,25","   80,73","   108,88"
16.08.2010,"   160,83","  1 645,63","   199,59","   79,91","   107,35"
13.08.2010,"   161,91","  1 658,80","   200,60","   80,98","   108,71"
12.08.2010,"   161,54","  1 661,74","   199,68","   80,63","   108,52"
11.08.2010,"   163,73","  1 658,21","   200,54","   81,16","   109,21"
10.08.2010,"   166,90","  1 679,05","   203,46","   82,43","   110,83"
09.08.2010,"   169,39","  1 711,63","   207,52","   83,63","   112,22"
06.08.2010,"   167,33","  1 703,35","   206,02","   83,57","   110,14"
05.08.2010,"   167,67","  1 698,01","   207,23","   85,09","   110,96"
04.08.2010,"   166,40","  1 687,40","   207,59","   85,61","   110,90"
03.08.2010,"   167,11","  1 707,17","   207,80","   86,11","   111,53"
02.08.2010,"   166,80","  1 733,75","   208,36","   86,22","   112,48"
30.07.2010,"   162,64","  1 735,56","   202,09","   84,53","   110,97"
29.07.2010,"   164,84","  1 767,23","   205,78","   85,50","   113,46"
28.07.2010,"   163,09","  1 721,47","   204,53","   84,60","   112,55"
27.07.2010,"   163,75","  1 700,23","   208,47","   84,89","   110,57"
26.07.2010,"   161,78","  1 691,56","   203,34","   83,92","   106,58"
23.07.2010,"   161,43","  1 674,98","   196,11","   83,34","   107,28"
22.07.2010,"   160,10","  1 651,72","   187,78","   82,46","   106,36"
21.07.2010,"   158,41","  1 629,63","   186,20","   81,51","   106,20"
20.07.2010,"   156,02","  1 592,70","   185,11","   80,18","   105,86"
19.07.2010,"   156,47","  1 598,42","   185,63","   79,75","   106,68"
16.07.2010,"   157,10","  1 610,70","   187,37","   80,51","   108,27"
15.07.2010,"   159,02","  1 629,81","   192,43","   82,71","   110,21"
14.07.2010,"   158,72","  1 643,51","   194,04","   82,44","   110,84"
13.07.2010,"   158,82","  1 645,21","   192,68","   81,46","   111,25"
12.07.2010,"   155,71","  1 617,79","   188,58","   79,08","   109,93"
09.07.2010,"   152,53","  1 597,01","   187,47","   77,27","   109,75"
08.07.2010,"   153,27","  1 608,78","   190,77","   78,66","   110,56"
07.07.2010,"   150,20","  1 591,65","   188,81","   75,54","   109,22"
06.07.2010,"   150,98","  1 600,36","   191,30","   75,48","   110,19"
05.07.2010,"   148,48","  1 597,85","   187,24","   73,26","   108,56"
02.07.2010,"   146,08","  1 576,20","   187,47","   73,47","   107,32"
01.07.2010,"   145,50","  1 564,58","   187,38","   73,68","   107,86"
30.06.2010,"   149,17","  1 624,90","   193,57","   76,46","   111,31"
29.06.2010,"   150,31","  1 654,67","   196,35","   76,83","   112,17"
28.06.2010,"   153,92","  1 701,31","   201,00","   79,84","   117,47"
25.06.2010,"   153,79","  1 698,46","   197,13","   78,85","   116,48"
24.06.2010,"   156,15","  1 697,79","   199,75","   80,33","   117,58"
23.06.2010,"   158,33","  1 700,13","   204,06","   80,91","   117,25"
22.06.2010,"   160,22","  1 685,30","   205,86","   82,51","   111,04"
21.06.2010,"   162,79","  1 695,64","   210,80","   83,95","   108,05"
18.06.2010,"   158,08","  1 655,31","   208,01","   79,53","   106,46"
17.06.2010,"   158,42","  1 676,72","   208,69","   78,73","   106,60"
16.06.2010,"   158,98","  1 714,55","   219,27","   76,06","   106,06"
15.06.2010,"   158,52","  1 694,19","   217,29","   74,56","   106,92"
11.06.2010,"   156,94","  1 673,13","   215,60","   71,84","   105,73"
10.06.2010,"   157,46","  1 649,39","   214,94","   72,93","   106,23"
09.06.2010,"   158,97","  1 621,69","   215,97","   71,79","   102,41"
08.06.2010,"   159,97","  1 599,72","   219,11","   71,66","   101,37"
07.06.2010,"   159,92","  1 611,39","   219,28","   0,00","   100,76"
04.06.2010,"   164,70","  1 603,78","   225,82","   69,93","   104,20"
03.06.2010,"   166,47","  1 579,39","   228,29","   72,54","   106,24"
02.06.2010,"   161,05","  1 533,25","   224,67","   70,77","   103,82"
01.06.2010,"   156,95","  1 505,94","   224,43","   70,32","   102,99"
31.05.2010,"   158,31","  1 504,93","   226,37","   70,28","   105,38"
28.05.2010,"   157,39","  1 475,76","   222,06","   70,09","   105,72"
27.05.2010,"   156,73","  1 484,53","   217,27","   70,04","   101,27"
26.05.2010,"   150,02","  1 449,99","   205,82","   68,37","   98,12"
25.05.2010,"   145,55","  1 418,88","   199,73","   66,24","   96,94"
24.05.2010,"   150,05","  1 472,32","   208,92","   70,17","   102,30"
21.05.2010,"   149,93","  1 475,01","   207,19","   69,17","   99,31"
20.05.2010,"   155,31","   0,00","   211,43","   72,72","   106,03"
19.05.2010,"   158,10","  1 531,52","   218,62","   74,41","   107,57"
18.05.2010,"   162,08","  1 565,89","   224,39","   77,11","   111,26"
17.05.2010,"   159,80","  1 580,33","   221,01","   76,75","   110,15"
14.05.2010,"   160,38","  1 592,16","   222,32","   77,52","   113,13"
13.05.2010,"   164,35","  1 599,72","   227,96","   80,56","   114,40"
12.05.2010,"   163,82","  1 621,95","   224,64","   80,85","   106,37"
11.05.2010,"   159,80","  1 599,72","   217,36","   74,39","   104,34"
07.05.2010,"   159,26","  1 616,65","   214,04","   71,26","   109,00"
06.05.2010,"   164,91","  1 658,33","   222,68","   73,99","   118,77"
05.05.2010,"   163,94","  1 653,23","   224,85","   74,87","   119,67"
04.05.2010,"   168,12","  1 664,48","   234,01","   76,17","   120,52"
30.04.2010,"   172,72","  1 672,55","   238,34","   78,55","   125,23"
29.04.2010,"   173,79","  1 679,66","   241,00","   80,94","   127,38"
28.04.2010,"   171,62","  1 680,97","   239,13","   80,21","   125,98"
27.04.2010,"   175,41","  1 700,37","   241,47","   82,59","   130,01"
26.04.2010,"   177,45","  1 718,54","   243,53","   85,12","   132,54"
23.04.2010,"   173,23","  1 704,27","   240,45","   84,59","   130,18"
22.04.2010,"   172,63","  1 680,57","   239,28","   84,33","   131,30"
21.04.2010,"   173,77","  1 699,34","   243,00","   85,68","   133,94"
20.04.2010,"   175,53","  1 701,57","   241,18","   86,97","   135,46"
19.04.2010,"   175,10","  1 685,28","   238,15","   84,67","   135,72"
16.04.2010,"   182,22","  1 730,20","   247,32","   88,45","   139,89"
15.04.2010,"   183,48","  1 752,82","   251,18","   89,18","   141,47"
14.04.2010,"   178,91","  1 744,80","   250,57","   89,03","   142,27"
13.04.2010,"   174,88","  1 722,98","   249,24","   87,60","   142,30"
12.04.2010,"   175,91","  1 741,09","   254,36","   86,60","   142,46"
09.04.2010,"   175,56","  1 741,23","   253,86","   87,17","   143,05"
08.04.2010,"   174,53","  1 729,12","   246,52","   84,71","   142,64"
07.04.2010,"   175,87","  1 749,64","   245,91","   86,64","   146,16"
06.04.2010,"   177,14","  1 762,02","   243,00","   88,37","   146,45"
05.04.2010,"   175,02","  1 709,15","   235,63","   88,26","   148,21"
02.04.2010,"   174,63","  1 697,31","   236,27","   88,17","   147,32"
01.04.2010,"   175,08","  1 690,03","   236,83","   87,30","   148,09"
31.03.2010,"   172,03","  1 673,65","   235,67","   85,89","   147,91"
30.03.2010,"   168,18","  1 671,50","   234,67","   85,60","   146,61"
29.03.2010,"   163,52","  1 657,98","   234,16","   85,25","   147,28"
26.03.2010,"   161,18","  1 640,52","   229,02","   85,38","   149,55"
25.03.2010,"   162,76","  1 639,74","   226,71","   85,78","   151,15"
24.03.2010,"   166,21","  1 648,14","   226,25","   86,22","   152,67"
23.03.2010,"   167,82","  1 686,35","   224,83","   86,53","   152,91"
22.03.2010,"   167,26","  1 670,77","   224,56","   86,75","   151,48"
19.03.2010,"   168,81","  1 696,82","   230,20","   88,98","   153,10"
18.03.2010,"   172,04","  1 707,58","   233,61","   89,89","   155,62"
17.03.2010,"   172,64","  1 680,75","   232,97","   89,66","   155,74"
16.03.2010,"   170,94","  1 616,93","   236,32","   88,48","   154,82"
15.03.2010,"   171,04","  1 596,61","   237,55","   88,73","   154,42"
12.03.2010,"   173,16","  1 600,27","   240,20","   88,77","   151,96"
11.03.2010,"   172,49","  1 583,40","   238,12","   87,57","   148,42"
10.03.2010,"   175,34","  1 600,45","   238,96","   88,49","   149,10"
09.03.2010,"   175,91","  1 610,70","   239,24","   87,99","   146,82"
05.03.2010,"   175,58","  1 638,10","   240,84","   85,72","   145,32"
04.03.2010,"   171,99","  1 633,56","   238,11","   83,27","   145,20"
03.03.2010,"   169,05","  1 617,94","   236,67","   82,32","   144,48"
02.03.2010,"   169,37","  1 608,24","   235,48","   82,01","   146,50"
01.03.2010,"   168,71","  1 594,84","   233,59","   78,75","   144,22"
27.02.2010,"   166,91","  1 580,96","   231,11","   75,88","   144,03"
26.02.2010,"   166,35","  1 564,60","   229,05","   75,14","   143,28"
25.02.2010,"   167,62","  1 553,12","   228,08","   74,66","   143,87"
24.02.2010,"   170,09","  1 568,70","   231,33","   77,27","   147,84"
19.02.2010,"   168,51","  1 566,77","   230,95","   78,07","   146,11"
18.02.2010,"   168,09","  1 557,81","   229,22","   80,10","   147,17"
17.02.2010,"   172,79","  1 581,02","   233,97","   83,09","   149,70"
16.02.2010,"   169,18","  1 572,37","   231,30","   82,13","   148,06"
15.02.2010,"   163,91","  1 532,77","   225,36","   80,20","   146,32"
12.02.2010,"   166,60","  1 544,53","   223,04","   81,12","   146,82"
11.02.2010,"   170,13","  1 561,51","   223,03","   82,88","   148,35"
10.02.2010,"   174,00","  1 590,21","   222,86","   81,53","   150,44"
09.02.2010,"   175,78","  1 596,22","   220,61","   79,60","   150,51"
08.02.2010,"   179,08","  1 604,45","   220,64","   81,83","   152,81"
05.02.2010,"   181,78","  1 616,67","   224,90","   82,51","   151,71"
04.02.2010,"   189,87","  1 671,93","   235,11","   86,70","   152,88"
03.02.2010,"   194,17","  1 718,17","   242,73","   88,92","   157,85"
02.02.2010,"   191,58","  1 699,15","   239,78","   87,93","   154,99"
01.02.2010,"   187,18","  1 664,31","   231,44","   87,51","   149,75"
29.01.2010,"   183,79","  1 657,04","   234,53","   87,64","   148,17"
28.01.2010,"   184,36","  1 663,21","   239,37","   87,93","   148,95"
27.01.2010,"   181,59","  1 630,97","   234,64","   86,51","   148,26"
26.01.2010,"   179,60","  1 633,59","   241,40","   85,97","   147,80"
25.01.2010,"   182,30","  1 674,32","   251,54","   87,37","   151,29"
22.01.2010,"   180,40","  1 666,10","   250,92","   87,22","   148,80"
21.01.2010,"   184,62","  1 715,20","   261,43","   90,56","   149,46"
20.01.2010,"   188,00","  1 754,98","   267,73","   91,60","   152,33"
19.01.2010,"   188,94","  1 737,40","   267,48","   90,84","   154,21"
18.01.2010,"   188,88","  1 741,41","   269,46","   89,61","   158,85"
15.01.2010,"   189,94","  1 736,87","   269,35","   88,01","   159,34"
14.01.2010,"   190,52","  1 716,50","   269,93","   87,43","   150,09"
13.01.2010,"   190,21","  1 715,96","   265,81","   85,93","   144,87"
12.01.2010,"   192,60","  1 723,28","   267,98","   85,85","   145,81"
11.01.2010,"   194,77","  1 751,31","   268,70","   87,30","   146,17"
31.12.2009,"   183,03","  1 692,22","   252,01","   82,77","   147,83"
30.12.2009,"   182,25","  1 694,49","   251,57","   81,30","   149,08"
29.12.2009,"   182,91","  1 703,75","   253,02","   80,31","   150,83"
28.12.2009,"   182,58","  1 692,09","   252,88","   80,76","   152,96"
25.12.2009,"   180,68","  1 670,39","   250,37","   80,86","   152,99"
24.12.2009,"   182,43","  1 666,97","   249,29","   80,75","   153,04"
23.12.2009,"   184,51","  1 667,72","   252,85","   80,99","   149,55"
22.12.2009,"   182,79","  1 658,82","   252,37","   81,23","   152,52"
21.12.2009,"   183,03","  1 665,15","   256,50","   81,24","   156,31"
18.12.2009,"   181,26","  1 666,11","   258,11","   82,30","   157,11"
17.12.2009,"   179,31","  1 683,89","   259,23","   81,78","   158,89"
16.12.2009,"   178,19","  1 686,73","   254,20","   80,02","   161,87"
15.12.2009,"   169,83","  1 630,42","   243,27","   76,46","   162,05"
14.12.2009,"   166,63","  1 619,84","   242,10","   75,60","   158,79"
11.12.2009,"   166,80","  1 607,71","   241,72","   74,92","   162,30"
10.12.2009,"   166,33","  1 603,57","   240,17","   74,01","   163,16"
09.12.2009,"   166,73","  1 629,00","   241,68","   72,94","   164,39"
08.12.2009,"   166,06","  1 662,67","   244,86","   73,25","   165,35"
07.12.2009,"   165,49","  1 690,46","   246,58","   73,69","   170,62"
04.12.2009,"   165,70","  1 700,98","   247,65","   73,40","   170,71"
03.12.2009,"   166,78","  1 728,92","   249,41","   72,71","   166,89"
02.12.2009,"   168,43","  1 714,86","   247,94","   71,41","   173,23"
01.12.2009,"   168,90","  1 724,29","   240,54","   70,45","   176,67"
30.11.2009,"   167,43","  1 686,83","   235,65","   68,02","   180,63"
27.11.2009,"   165,84","  1 654,90","   233,35","   65,49","   180,44"
26.11.2009,"   166,98","  1 652,22","   241,95","   68,14","   186,91"
25.11.2009,"   172,95","  1 704,04","   251,93","   70,39","   189,13"
24.11.2009,"   175,96","  1 718,95","   253,56","   70,06","   190,46"
23.11.2009,"   179,97","  1 768,10","   254,57","   71,75","   189,98"
20.11.2009,"   179,80","  1 760,98","   249,69","   71,13","   188,20"
19.11.2009,"   182,55","  1 793,73","   256,75","   72,03","   191,02"
18.11.2009,"   186,31","  1 833,66","   259,38","   73,82","   189,01"
17.11.2009,"   183,75","  1 775,97","   255,31","   73,58","   188,78"
16.11.2009,"   183,90","  1 754,41","   252,32","   72,68","   189,43"
13.11.2009,"   177,92","  1 694,76","   244,89","   69,20","   188,85"
12.11.2009,"   178,61","  1 717,37","   243,68","   69,43","   191,31"
11.11.2009,"   183,75","  1 760,76","   242,55","   70,04","   197,46"
10.11.2009,"   182,33","  1 739,37","   240,84","   69,74","   191,60"
09.11.2009,"   180,02","  1 713,09","   234,14","   67,90","   190,49"
06.11.2009,"   177,23","  1 683,40","   227,38","   64,81","   187,87"
05.11.2009,"   177,69","  1 673,42","   220,47","   63,55","   190,37"
03.11.2009,"   175,67","  1 661,80","   218,82","   63,93","   189,86"
02.11.2009,"   177,85","  1 693,71","   223,33","   65,09","   189,69"
30.10.2009,"   180,61","  1 751,64","   228,35","   66,10","   198,07"
29.10.2009,"   179,39","  1 743,75","   225,51","   65,40","   200,60"
28.10.2009,"   182,94","  1 786,85","   233,57","   66,84","   192,39"
27.10.2009,"   189,62","  1 833,18","   238,82","   68,15","   189,86"
26.10.2009,"   195,13","  1 890,92","   244,94","   70,07","   193,11"
23.10.2009,"   194,29","  1 908,44","   247,55","   70,05","   188,05"
22.10.2009,"   192,18","  1 886,79","   244,85","   69,38","   187,93"
21.10.2009,"   194,02","  1 887,31","   244,13","   68,63","   193,75"
20.10.2009,"   197,50","  1 943,83","   248,14","   69,42","   203,65"
19.10.2009,"   193,65","  1 936,89","   244,14","   66,79","   184,13"
16.10.2009,"   196,04","  1 941,86","   247,93","   66,90","   160,45"
15.10.2009,"   199,64","  1 938,51","   245,02","   68,96","   142,75"
14.10.2009,"   198,79","  1 936,35","   246,58","   71,09","   144,79"
13.10.2009,"   191,97","  1 909,05","   248,33","   69,94","   144,54"
12.10.2009,"   189,08","  1 949,31","   253,46","   70,02","   145,89"
09.10.2009,"   179,52","  1 844,48","   243,17","   67,05","   143,87"
08.10.2009,"   177,39","  1 763,91","   240,40","   64,94","   143,16"
07.10.2009,"   176,03","  1 715,87","   235,52","   62,27","   143,07"
06.10.2009,"   174,00","  1 667,85","   226,89","   60,10","   145,03"
05.10.2009,"   171,58","  1 628,82","   220,79","   58,50","   140,70"
02.10.2009,"   170,70","  1 622,65","   219,40","   57,72","   135,88"
01.10.2009,"   177,26","  1 677,89","   231,89","   60,16","   142,74"
30.09.2009,"   177,40","  1 643,91","   228,65","   60,77","   145,16"
29.09.2009,"   179,57","  1 641,97","   228,31","   60,78","   146,37"
28.09.2009,"   176,76","  1 595,45","   224,76","   59,62","   147,07"
25.09.2009,"   177,46","  1 584,62","   221,52","   58,97","   151,33"
24.09.2009,"   180,21","  1 604,13","   225,99","   60,10","   152,28"
23.09.2009,"   184,27","  1 638,11","   228,54","   60,79","   152,82"
22.09.2009,"   181,43","  1 642,09","   228,14","   57,90","   153,80"
21.09.2009,"   177,98","  1 620,40","   224,52","   56,22","   151,77"
18.09.2009,"   179,97","  1 653,82","   227,78","   58,40","   154,38"
17.09.2009,"   182,61","  1 689,69","   227,82","   60,41","   157,96"
16.09.2009,"   181,04","  1 708,14","   228,22","   62,29","   160,05"
15.09.2009,"   175,47","  1 679,93","   219,12","   60,76","   160,25"
14.09.2009,"   170,45","  1 638,08","   209,76","   58,37","   159,68"
11.09.2009,"   174,42","  1 670,35","   212,86","   58,43","   159,93"
10.09.2009,"   172,96","  1 663,65","   210,40","   56,87","   160,67"
09.09.2009,"   167,57","  1 622,89","   211,07","   58,32","   161,13"
08.09.2009,"   164,74","  1 568,36","   208,08","   57,40","   162,06"
07.09.2009,"   160,41","  1 526,05","   200,67","   54,47","   161,25"
04.09.2009,"   158,96","  1 537,49","   198,54","   54,73","   159,78"
03.09.2009,"   160,15","  1 579,45","   200,46","   51,25","   162,09"
02.09.2009,"   159,63","  1 561,09","   195,94","   48,97","   162,37"
01.09.2009,"   164,18","  1 597,35","   200,77","   48,63","   163,93"
31.08.2009,"   163,40","  1 580,44","   198,04","   47,39","   164,00"
28.08.2009,"   167,47","  1 598,01","   202,48","   48,51","   166,04"
27.08.2009,"   165,81","  1 572,48","   200,19","   48,06","   164,29"
26.08.2009,"   167,83","  1 598,31","   204,49","   48,52","   161,45"
25.08.2009,"   169,07","  1 621,82","   206,20","   48,92","   162,63"
24.08.2009,"   169,03","  1 603,11","   202,30","   49,37","   163,30"
21.08.2009,"   160,41","  1 538,92","   191,13","   47,61","   164,36"
20.08.2009,"   155,36","  1 474,13","   183,75","   46,64","   163,30"
19.08.2009,"   149,78","  1 418,47","   178,36","   45,42","   160,53"
18.08.2009,"   152,53","  1 454,41","   181,64","   45,72","   160,49"
17.08.2009,"   154,64","  1 456,41","   182,16","   45,06","   159,58"
14.08.2009,"   164,99","  1 522,76","   193,52","   47,46","   160,82"
13.08.2009,"   167,06","  1 551,67","   197,38","   48,27","   162,45"
12.08.2009,"   162,30","  1 508,33","   190,79","   46,60","   160,92"
11.08.2009,"   168,27","  1 558,48","   198,37","   47,65","   162,08"
10.08.2009,"   170,73","  1 581,82","   201,38","   47,66","   162,54"
07.08.2009,"   169,33","  1 588,79","   199,14","   46,34","   160,63"
06.08.2009,"   170,89","  1 598,13","   200,80","   47,07","   163,00"
05.08.2009,"   171,28","  1 617,09","   202,64","   47,20","   166,13"
04.08.2009,"   167,64","  1 591,20","   197,59","   45,61","   166,21"
03.08.2009,"   168,19","  1 600,49","   196,72","   44,94","   160,71"
31.07.2009,"   160,97","  1 551,29","   189,46","   42,44","   159,31"
30.07.2009,"   157,62","  1 529,22","   187,18","   41,14","   157,46"
29.07.2009,"   152,81","  1 470,14","   181,59","   39,79","   155,93"
28.07.2009,"   159,50","  1 511,25","   184,91","   41,52","   157,73"
27.07.2009,"   165,19","  1 573,43","   188,62","   42,21","   162,01"
24.07.2009,"   165,26","  1 556,55","   185,89","   41,06","   163,85"
23.07.2009,"   161,33","  1 519,62","   180,95","   39,86","   157,38"
22.07.2009,"   158,08","  1 492,31","   176,03","   39,82","   159,31"
21.07.2009,"   159,86","  1 521,16","   178,70","   39,87","   160,88"
20.07.2009,"   157,63","  1 494,37","   175,00","   39,39","   162,53"
17.07.2009,"   149,56","  1 465,71","   170,27","   37,72","   158,32"
16.07.2009,"   145,28","  1 447,37","   167,13","   37,69","   157,62"
15.07.2009,"   141,15","  1 427,21","   166,06","   37,26","   155,78"
14.07.2009,"   137,69","  1 389,24","   162,88","   37,22","   155,09"
13.07.2009,"   134,65","  1 328,47","   160,89","   34,75","   153,00"
10.07.2009,"   135,74","  1 299,90","   157,84","   35,06","   153,26"
09.07.2009,"   140,22","  1 327,48","   158,77","   36,40","   153,58"
08.07.2009,"   141,16","  1 305,80","   158,46","   36,31","   153,86"
07.07.2009,"   147,32","  1 336,99","   164,73","   37,52","   154,83"
06.07.2009,"   147,40","  1 329,98","   164,22","   37,43","   154,28"
03.07.2009,"   155,70","  1 369,96","   167,87","   37,58","   158,32"
02.07.2009,"   160,35","  1 394,20","   169,59","   38,14","   161,84"
01.07.2009,"   161,95","  1 412,37","   171,74","   38,66","   162,50"
30.06.2009,"   160,52","  1 435,17","   175,66","   39,67","   168,90"
29.06.2009,"   153,72","  1 382,55","   169,83","   40,01","   166,63"
26.06.2009,"   152,44","  1 418,93","   172,41","   41,43","   156,03"
25.06.2009,"   150,38","  1 390,39","   169,43","   41,67","   157,57"
24.06.2009,"   149,53","  1 394,29","   171,90","   40,21","   164,04"
23.06.2009,"   147,76","  1 361,01","   166,43","   35,87","   157,96"
22.06.2009,"   156,69","  1 418,47","   173,72","   38,89","   179,64"
19.06.2009,"   161,74","  1 495,29","   180,97","   42,11","   197,57"
18.06.2009,"   158,72","  1 494,30","   176,79","   41,81","   201,15"
17.06.2009,"   167,50","  1 532,95","   185,49","   44,23","   200,28"
16.06.2009,"   175,67","  1 584,23","   189,92","   45,02","   200,29"
15.06.2009,"   175,83","  1 576,59","   191,81","   45,30","   200,15"
11.06.2009,"   182,47","  1 650,62","   200,38","   48,19","   201,16"
10.06.2009,"   182,29","  1 678,33","   201,00","   50,00","   201,32"
09.06.2009,"   177,69","  1 679,94","   199,03","   48,96","   200,95"
08.06.2009,"   175,92","  1 652,73","   195,14","   48,49","   201,18"
05.06.2009,"   182,02","  1 716,31","   206,17","   51,16","   201,05"
04.06.2009,"   176,58","  1 660,59","   203,05","   48,76","   202,95"
03.06.2009,"   181,83","  1 677,03","   209,59","   50,95","   220,50"
02.06.2009,"   190,09","  1 721,73","   217,91","   52,98","   241,92"
01.06.2009,"   188,00","  1 723,76","   217,00","   49,14","   230,21"
29.05.2009,"   177,32","  1 619,39","   203,29","   43,52","   220,93"
28.05.2009,"   172,60","  1 550,41","   196,16","   41,15","   229,06"
27.05.2009,"   173,60","  1 547,30","   188,38","   41,05","   229,63"
26.05.2009,"   167,06","  1 515,73","   180,12","   38,45","   231,98"
25.05.2009,"   170,74","  1 533,53","   182,87","   39,22","   250,19"
22.05.2009,"   173,95","  1 557,46","   184,25","   38,98","   257,78"
21.05.2009,"   174,46","  1 552,91","   182,89","   38,57","   263,60"
20.05.2009,"   178,82","  1 578,86","   185,74","   38,09","   272,77"
19.05.2009,"   175,44","  1 556,53","   181,12","   35,69","   279,04"
18.05.2009,"   164,86","  1 495,24","   172,75","   32,87","   257,01"
15.05.2009,"   165,57","  1 521,93","   173,45","   32,32","   269,41"
14.05.2009,"   163,15","  1 522,19","   173,70","   31,27","   276,89"
13.05.2009,"   174,47","  1 593,42","   183,03","   33,68","   289,34"
12.05.2009,"   176,94","  1 626,96","   185,39","   33,57","   294,70"
08.05.2009,"   173,34","  1 618,69","   183,56","   31,91","   298,51"
07.05.2009,"   175,48","  1 618,07","   189,71","   31,39","   304,09"
06.05.2009,"   167,02","  1 546,11","   180,96","   29,05","   303,55"
05.05.2009,"   158,46","  1 520,40","   179,97","   29,32","   305,07"
04.05.2009,"   153,51","  1 528,66","   180,29","   28,85","   308,66"
30.04.2009,"   150,27","  1 516,34","   179,12","   27,82","   311,45"
29.04.2009,"   144,81","  1 476,77","   168,68","   26,39","   308,60"
28.04.2009,"   140,65","  1 429,69","   160,65","   25,96","   310,34"
27.04.2009,"   145,63","  1 457,17","   168,19","   26,99","   318,30"
24.04.2009,"   149,69","  1 502,93","   176,42","   28,03","   317,20"
23.04.2009,"   145,86","  1 493,16","   176,88","   27,84","   320,26"
22.04.2009,"   137,96","  1 462,90","   172,65","   26,73","   322,71"
21.04.2009,"   134,35","  1 461,50","   171,30","   25,94","   319,28"
20.04.2009,"   138,52","  1 479,41","   177,11","   27,35","   325,61"
17.04.2009,"   143,89","  1 509,60","   180,32","   29,22","   338,90"
16.04.2009,"   142,87","  1 503,69","   174,40","   29,14","   329,26"
15.04.2009,"   142,09","  1 511,53","   171,68","   28,07","   323,88"
14.04.2009,"   145,24","  1 568,88","   178,71","   28,62","   322,16"
13.04.2009,"   145,56","  1 638,85","   180,34","   26,73","   324,00"
10.04.2009,"   147,22","  1 643,74","   182,77","   26,80","   321,92"
09.04.2009,"   144,37","  1 591,20","   179,44","   26,15","   324,60"
08.04.2009,"   134,77","  1 464,83","   167,31","   23,91","   320,98"
07.04.2009,"   135,57","  1 410,74","   167,20","   23,12","   311,50"
06.04.2009,"   141,04","  1 409,59","   174,15","   24,27","   320,72"
03.04.2009,"   139,65","  1 374,42","   167,88","   23,18","   313,16"
02.04.2009,"   137,42","  1 354,81","   160,01","   22,52","   304,72"
01.04.2009,"   127,77","  1 276,71","   148,67","   20,73","   296,26"
31.03.2009,"   128,08","  1 292,52","   148,91","   20,83","   298,81"
30.03.2009,"   127,58","  1 322,77","   148,51","   20,79","   302,58"
27.03.2009,"   136,13","  1 414,08","   164,02","   23,44","   309,60"
26.03.2009,"   136,57","  1 409,46","   165,99","   25,31","   317,95"
25.03.2009,"   136,14","  1 369,95","   164,30","   24,15","   318,84"
24.03.2009,"   134,62","  1 334,79","   163,88","   24,82","   317,45"
23.03.2009,"   132,90","  1 360,19","   164,72","   24,95","   301,22"
20.03.2009,"   124,58","  1 287,72","   157,48","   23,74","   292,84"
19.03.2009,"   124,99","  1 273,41","   156,12","   23,18","   296,93"
18.03.2009,"   124,40","  1 274,70","   154,15","   21,37","   297,23"
17.03.2009,"   127,65","  1 311,55","   158,17","   19,66","   299,47"
16.03.2009,"   127,20","  1 315,39","   151,70","   17,67","   299,30"
13.03.2009,"   127,96","  1 333,50","   152,34","   17,30","   298,87"
12.03.2009,"   121,86","  1 251,22","   141,80","   16,61","   297,43"
11.03.2009,"   125,02","  1 304,91","   146,37","   17,32","   292,30"
10.03.2009,"   119,97","  1 276,46","   142,65","   16,79","   291,30"
06.03.2009,"   112,58","  1 183,16","   128,78","   15,75","   289,14"
05.03.2009,"   112,59","  1 160,45","   126,98","   15,93","   292,18"
04.03.2009,"   114,34","  1 165,80","   130,30","   16,14","   291,81"
03.03.2009,"   110,98","  1 115,10","   122,69","   14,74","   289,90"
02.03.2009,"   112,22","  1 115,16","   121,54","   14,14","   289,17"
27.02.2009,"   116,07","  1 151,33","   124,64","   14,33","   286,63"
26.02.2009,"   117,10","  1 127,92","   119,76","   14,53","   290,85"
25.02.2009,"   114,87","  1 100,93","   115,09","   14,58","   288,27"
24.02.2009,"   110,36","  1 064,88","   111,38","   14,19","   287,16"
20.02.2009,"   111,21","  1 082,66","   112,02","   14,37","   298,68"
19.02.2009,"   114,38","  1 118,80","   114,87","   15,14","   302,69"
18.02.2009,"   110,47","  1 073,03","   109,69","   14,50","   302,62"
17.02.2009,"   119,05","  1 168,12","   119,96","   16,52","   307,71"
16.02.2009,"   124,98","  1 250,02","   127,23","   18,31","   308,51"
13.02.2009,"   124,75","  1 254,89","   127,88","   18,95","   307,05"
12.02.2009,"   124,75","  1 259,63","   126,43","   18,78","   313,98"
11.02.2009,"   125,96","  1 274,71","   127,34","   18,50","   317,13"
10.02.2009,"   127,43","  1 256,86","   122,72","   17,35","   323,25"
09.02.2009,"   121,17","  1 189,76","   115,77","   16,49","   321,49"
06.02.2009,"   115,17","  1 137,66","   110,10","   15,21","   319,30"
05.02.2009,"   116,47","  1 133,23","   110,38","   15,08","   307,44"
04.02.2009,"   117,96","  1 141,16","   111,82","   15,46","   301,29"
03.02.2009,"   117,06","  1 145,19","   111,83","   15,51","   305,74"
02.02.2009,"   113,73","  1 140,10","   109,64","   15,74","   300,41"
30.01.2009,"   115,40","  1 196,27","   113,77","   16,55","   309,46"
29.01.2009,"   114,00","  1 152,05","   111,92","   16,87","   309,43"
28.01.2009,"   112,21","  1 139,16","   112,01","   16,79","   300,62"
27.01.2009,"   110,05","  1 129,46","   112,15","   16,66","   293,01"
26.01.2009,"   106,92","  1 057,76","   110,59","   16,26","   289,76"
23.01.2009,"   102,18","   983,59","   102,02","   14,98","   274,28"
22.01.2009,"   107,33","  1 021,02","   106,58","   16,83","   279,95"
21.01.2009,"   106,47","  1 001,01","   105,00","   16,89","   286,94"
20.01.2009,"   105,29","   975,84","   105,53","   17,61","   294,59"
19.01.2009,"   107,16","  1 012,31","   109,19","   19,33","   307,73"
16.01.2009,"   109,86","  1 045,30","   111,53","   20,28","   307,68"
15.01.2009,"   108,26","  1 024,24","   110,80","   20,53","   301,05"
14.01.2009,"   113,98","  1 106,50","   117,58","   21,71","   296,19"
13.01.2009,"   113,16","  1 090,75","   117,58","   22,11","   291,99"
12.01.2009,"   113,92","  1 056,13","   118,28","   22,99","   291,76"
11.01.2009,"   112,44","  1 017,99","   114,05","   23,13","   273,67"
31.12.2008,"   107,58","   957,12","   110,74","   22,81","   259,41"
30.12.2008,"   104,72","   960,78","   111,50","   22,12","   257,96"
29.12.2008,"   105,56","   993,74","   114,18","   22,26","   265,40"
26.12.2008,"   104,90","   983,72","   112,03","   22,64","   263,02"
25.12.2008,"   108,53","  1 006,07","   113,47","   22,79","   269,18"
24.12.2008,"   113,87","  1 064,22","   115,14","   23,44","   271,94"
23.12.2008,"   112,92","  1 052,29","   112,34","   23,24","   274,56"
22.12.2008,"   108,49","   985,48","   107,34","   22,51","   275,57"
19.12.2008,"   103,21","   940,66","   102,02","   21,49","   266,22"
18.12.2008,"   108,85","   983,37","   106,44","   21,85","   271,87"
17.12.2008,"   115,40","  1 048,09","   115,21","   22,99","   270,15"
16.12.2008,"   116,15","  1 055,85","   114,87","   22,90","   258,69"
15.12.2008,"   117,30","  1 063,75","   115,61","   23,07","   255,34"
12.12.2008,"   112,08","   954,03","   109,14","   21,49","   240,36"
11.12.2008,"   114,11","   961,62","   117,15","   21,74","   238,78"
10.12.2008,"   112,50","   929,44","   116,11","   21,05","   237,06"
09.12.2008,"   113,48","   907,99","   110,72","   21,13","   213,49"
08.12.2008,"   114,34","   888,93","   106,06","   21,43","   198,22"
05.12.2008,"   106,12","   823,25","   95,81","   20,58","   192,77"
04.12.2008,"   109,64","   815,47","   96,41","   21,00","   195,03"
03.12.2008,"   111,08","   800,41","   96,88","   21,19","   194,53"
02.12.2008,"   110,36","   794,91","   98,42","   21,63","   194,53"
01.12.2008,"   113,59","   835,57","   104,70","   22,66","   196,55"
28.11.2008,"   116,63","   868,44","   108,21","   23,84","   197,92"
27.11.2008,"   117,84","   876,16","   111,44","   25,01","   192,65"
26.11.2008,"   111,55","   846,57","   107,50","   24,38","   183,39"
25.11.2008,"   114,41","   917,40","   107,20","   25,82","   190,10"
24.11.2008,"   101,06","   837,86","   92,12","   24,22","   187,71"
21.11.2008,"   95,09","   800,99","   86,00","   24,12","   185,08"
20.11.2008,"   91,78","   781,77","   81,08","   22,87","   177,37"
19.11.2008,"   95,99","   805,94","   84,31","   24,01","   180,64"
18.11.2008,"   97,36","   771,70","   83,49","   23,08","   187,51"
17.11.2008,"   102,86","   793,87","   87,68","   23,76","   193,10"
14.11.2008,"   112,36","   899,51","   96,35","   26,16","   190,95"
13.11.2008,"   106,32","   872,77","   92,44","   24,38","   176,50"
11.11.2008,"   123,14","   986,62","   107,77","   27,91","   186,24"
10.11.2008,"   142,21","  1 120,53","   122,13","   31,89","   205,45"
07.11.2008,"   129,36","  1 048,03","   114,03","   28,01","   199,57"
06.11.2008,"   130,22","  1 034,91","   116,99","   27,21","   201,60"
05.11.2008,"   145,91","  1 112,72","   135,80","   30,89","   219,77"
01.11.2008,"   141,73","  1 114,50","   129,10","   28,79","   222,96"
31.10.2008,"   128,30","  1 001,41","   120,08","   28,08","   229,62"
30.10.2008,"   126,35","  1 008,14","   113,59","   26,35","   206,03"
29.10.2008,"   102,49","   861,56","   93,68","   20,61","   195,20"
28.10.2008,"   89,86","   770,57","   84,63","   17,79","   179,38"
24.10.2008,"   94,32","   830,98","   87,03","   19,31","   183,77"
23.10.2008,"   105,24","   860,30","   97,78","   23,82","   193,44"
22.10.2008,"   109,87","   866,19","   102,28","   25,17","   193,03"
21.10.2008,"   116,70","   922,14","   107,98","   26,87","   197,67"
20.10.2008,"   108,52","   891,04","   102,34","   26,31","   183,92"
17.10.2008,"   101,98","   838,23","   95,56","   27,44","   182,04"
16.10.2008,"   111,12","   921,89","   95,82","   27,66","   185,42"
15.10.2008,"   125,04","  1 082,80","   101,96","   31,13","   196,72"
14.10.2008,"   134,39","  1 163,06","   109,96","   34,04","   198,09"
13.10.2008,"   126,02","  1 092,25","   102,65","   31,46","   176,16"
09.10.2008,"   133,39","  1 155,87","   107,10","   32,67","   174,68"
08.10.2008,"   119,94","   934,50","   90,86","   31,54","   161,82"
07.10.2008,"   143,47","  1 108,23","   107,88","   36,95","   177,08"
06.10.2008,"   155,96","  1 210,16","   120,77","   35,71","   175,85"
03.10.2008,"   181,99","  1 393,06","   143,48","   40,98","   196,28"
02.10.2008,"   196,02","  1 495,77","   161,47","   42,36","   205,38"
01.10.2008,"   199,28","  1 517,25","   171,69","   42,53","   185,56"
30.09.2008,"   190,67","  1 448,52","   167,11","   41,44","   177,30"
29.09.2008,"   199,31","  1 510,32","   180,40","   41,26","   186,22"
26.09.2008,"   206,05","  1 573,15","   188,08","   43,95","   191,43"
25.09.2008,"   210,58","  1 609,78","   193,37","   45,27","   196,92"
24.09.2008,"   212,80","  1 676,20","   205,63","   45,35","   207,03"
23.09.2008,"   203,05","  1 654,97","   192,94","   41,90","   189,63"
22.09.2008,"   210,31","  1 750,95","   192,33","   44,91","   201,68"
19.09.2008,"   207,97","  1 689,63","   176,79","   43,79","   208,54"
17.09.2008,"   165,02","  1 428,47","   135,99","   34,08","   226,26"
16.09.2008,"   180,24","  1 463,54","   155,77","   41,84","   271,57"
15.09.2008,"   199,27","  1 605,20","   176,22","   44,72","   276,51"
12.09.2008,"   206,85","  1 618,17","   187,36","   47,52","   277,07"
11.09.2008,"   205,61","  1 560,64","   191,06","   47,52","   276,35"
10.09.2008,"   199,93","  1 528,11","   185,48","   48,56","   283,03"
09.09.2008,"   214,68","  1 671,91","   198,38","   54,95","   281,38"
08.09.2008,"   228,56","  1 754,09","   207,55","   57,90","   271,94"
05.09.2008,"   218,36","  1 647,51","   189,83","   53,66","   279,84"
04.09.2008,"   236,34","  1 742,16","   205,16","   57,99","   279,49"
03.09.2008,"   240,10","  1 745,99","   210,44","   59,99","   281,62"
02.09.2008,"   244,14","  1 801,49","   214,19","   59,74","   281,60"
01.09.2008,"   245,20","  1 861,89","   215,59","   58,13","   281,54"
29.08.2008,"   239,90","  1 834,34","   206,80","   57,72","   281,93"
28.08.2008,"   237,87","  1 812,34","   200,22","   57,49","   276,82"
27.08.2008,"   232,17","  1 721,73","   192,39","   55,16","   277,28"
26.08.2008,"   226,89","  1 679,91","   187,15","   56,35","   278,63"
25.08.2008,"   235,20","  1 746,32","   192,46","   61,27","   279,82"
22.08.2008,"   245,48","  1 832,65","   200,87","   62,81","   279,93"
21.08.2008,"   246,18","  1 796,81","   200,48","   61,81","   281,52"
20.08.2008,"   245,55","  1 775,99","   202,35","   62,59","   278,22"
19.08.2008,"   248,31","  1 782,86","   205,29","   62,97","   279,86"
18.08.2008,"   265,03","  1 880,49","   216,74","   66,04","   279,78"
15.08.2008,"   263,94","  1 893,06","   214,76","   65,31","   276,49"
14.08.2008,"   266,50","  1 950,48","   214,65","   65,10","   279,12"
13.08.2008,"   265,83","  1 944,39","   214,36","   65,78","   279,16"
12.08.2008,"   266,34","  1 934,36","   215,29","   67,09","   277,90"
11.08.2008,"   245,89","  1 845,05","   204,08","   60,63","   278,81"
08.08.2008,"   249,28","  1 885,17","   212,21","   61,80","   282,44"
07.08.2008,"   255,81","  1 946,40","   224,77","   64,33","   278,56"
06.08.2008,"   250,46","  1 873,83","   219,45","   63,18","   279,56"
05.08.2008,"   254,69","  1 869,20","   221,92","   63,27","   279,51"
04.08.2008,"   267,77","  1 947,12","   235,56","   65,78","   282,63"
01.08.2008,"   275,46","  1 926,74","   242,66","   68,31","   282,15"
31.07.2008,"   281,53","  1 946,43","   248,87","   70,61","   283,07"
30.07.2008,"   277,84","  1 878,28","   241,87","   68,81","   276,88"
29.07.2008,"   270,23","  1 828,30","   234,21","   67,23","   279,98"
28.07.2008,"   272,21","  1 928,77","   233,33","   71,17","   278,41"
25.07.2008,"   268,09","  1 971,80","   228,93","   70,86","   282,88"
24.07.2008,"   283,06","  2 098,23","   243,57","   76,02","   275,53"
23.07.2008,"   291,57","  2 142,43","   250,75","   76,05","   276,85"
22.07.2008,"   293,29","  2 151,84","   249,99","   75,00","   276,08"
21.07.2008,"   296,42","  2 160,86","   250,86","   76,53","   279,03"
18.07.2008,"   301,38","  2 211,06","   259,10","   76,42","   280,68"
17.07.2008,"   307,77","  2 252,22","   263,95","   75,97","   276,46"
16.07.2008,"   302,87","  2 205,36","   255,35","   71,80","   274,48"
15.07.2008,"   306,22","  2 215,80","   255,68","   72,65","   280,86"
14.07.2008,"   311,49","  2 215,40","   256,87","   74,24","   282,28"
11.07.2008,"   311,72","  2 201,91","   253,56","   73,81","   285,78"
10.07.2008,"   312,42","  2 160,12","   249,59","   74,56","   282,95"
09.07.2008,"   314,42","  2 163,49","   251,60","   74,82","   282,28"
08.07.2008,"   313,51","  2 176,41","   251,75","   72,27","   284,24"
07.07.2008,"   321,10","  2 238,45","   256,26","   73,55","   282,13"
04.07.2008,"   319,96","  2 252,88","   260,04","   72,18","   282,11"
03.07.2008,"   319,75","  2 254,82","   262,76","   71,82","   281,71"
02.07.2008,"   326,26","  2 268,57","   266,39","   72,69","   282,56"
01.07.2008,"   331,99","  2 278,26","   265,72","   72,46","   283,03"
30.06.2008,"   341,81","  2 317,31","   271,21","   74,63","   276,01"
27.06.2008,"   335,92","  2 274,39","   265,52","   75,89","   276,07"
26.06.2008,"   337,74","  2 283,94","   263,00","   77,50","   274,72"
25.06.2008,"   341,05","  2 308,18","   264,06","   77,81","   266,20"
24.06.2008,"   340,76","  2 340,51","   267,32","   76,84","   268,45"
23.06.2008,"   344,44","  2 373,17","   271,17","   77,97","   270,61"
20.06.2008,"   348,20","  2 427,75","   277,99","   79,23","   272,65"
19.06.2008,"   350,79","  2 462,34","   281,36","   80,22","   275,43"
18.06.2008,"   352,59","  2 490,58","   283,91","   80,87","   276,24"
17.06.2008,"   348,93","  2 490,38","   282,00","   80,64","   276,89"
16.06.2008,"   346,58","  2 493,70","   279,53","   79,64","   277,09"
11.06.2008,"   339,54","  2 486,11","   279,72","   78,92","   278,84"
10.06.2008,"   335,22","  2 425,72","   275,80","   78,25","   286,80"
09.06.2008,"   339,24","  2 433,59","   277,72","   79,09","   286,38"
07.06.2008,"   338,98","  2 440,52","   279,37","   78,51","   276,76"
06.06.2008,"   346,18","  2 499,39","   282,41","   81,96","   267,90"
05.06.2008,"   341,16","  2 437,22","   272,80","   82,85","   269,19"
04.06.2008,"   345,72","  2 491,85","   275,25","   82,29","   270,14"
03.06.2008,"   353,89","  2 611,65","   285,16","   83,30","   269,93"
02.06.2008,"   357,05","  2 625,38","   288,11","   84,63","   271,92"
30.05.2008,"   359,50","  2 631,18","   283,37","   85,54","   268,89"
29.05.2008,"   359,55","  2 593,67","   281,85","   84,89","   269,19"
28.05.2008,"   352,73","  2 482,06","   271,07","   84,16","   270,40"
27.05.2008,"   358,56","  2 579,21","   276,06","   83,43","   271,95"
26.05.2008,"   360,93","  2 529,79","   272,11","   85,01","   267,40"
23.05.2008,"   359,24","  2 529,38","   266,94","   86,11","   270,10"
22.05.2008,"   363,17","  2 587,86","   267,90","   86,17","   272,04"
21.05.2008,"   364,14","  2 605,26","   268,89","   87,44","   272,30"
20.05.2008,"   361,41","  2 585,23","   265,20","   87,27","   276,08"
19.05.2008,"   365,32","  2 646,25","   273,12","   87,44","   277,04"
16.05.2008,"   361,31","  2 636,36","   278,08","   85,30","   275,90"
15.05.2008,"   357,91","  2 617,23","   278,16","   84,40","   274,56"
14.05.2008,"   352,36","  2 503,85","   270,12","   83,20","   272,82"
13.05.2008,"   348,55","  2 436,29","   259,33","   83,34","   271,68"
12.05.2008,"   353,43","  2 431,84","   256,82","   81,98","   277,43"
08.05.2008,"   340,47","  2 317,66","   240,82","   81,87","   271,48"
07.05.2008,"   324,24","  2 215,48","   232,17","   81,30","   272,96"
06.05.2008,"   316,01","  2 171,86","   231,28","   80,64","   276,54"
05.05.2008,"   314,51","  2 137,62","   230,92","   81,00","   277,64"
04.05.2008,"   314,97","  2 156,83","   232,40","   79,39","   273,82"
30.04.2008,"   311,24","  2 119,87","   230,48","   76,49","   274,58"
29.04.2008,"   312,93","  2 132,88","   232,01","   76,97","   276,32"
28.04.2008,"   314,82","  2 143,11","   233,58","   75,66","   276,79"
25.04.2008,"   312,77","  2 097,58","   231,41","   74,92","   274,04"
24.04.2008,"   312,94","  2 096,23","   231,27","   73,82","   275,59"
23.04.2008,"   315,25","  2 132,93","   232,29","   74,30","   283,73"
22.04.2008,"   314,38","  2 148,51","   230,61","   75,00","   278,73"
21.04.2008,"   317,07","  2 164,12","   231,05","   75,80","   279,51"
18.04.2008,"   315,03","  2 150,83","   231,81","   75,51","   281,53"
17.04.2008,"   313,83","  2 146,84","   230,21","   74,23","   276,88"
16.04.2008,"   312,46","  2 100,13","   231,39","   74,63","   276,15"
15.04.2008,"   308,45","  2 046,80","   228,61","   73,80","   276,57"
14.04.2008,"   304,97","  2 005,29","   222,92","   73,48","   286,66"
11.04.2008,"   313,41","  2 063,81","   225,93","   75,78","   288,05"
10.04.2008,"   309,84","  2 037,95","   223,62","   77,66","   290,54"
09.04.2008,"   306,22","  2 010,59","   219,21","   78,26","   288,82"
08.04.2008,"   303,29","  2 019,36","   218,83","   78,16","   291,07"
07.04.2008,"   302,97","  2 007,69","   218,78","   78,90","   291,31"
04.04.2008,"   298,22","  1 963,96","   213,74","   77,27","   291,44"
03.04.2008,"   300,50","  1 978,42","   214,91","   77,85","   287,69"
02.04.2008,"   301,49","  1 978,45","   212,04","   77,80","   286,42"
01.04.2008,"   299,62","  2 001,57","   212,88","   74,54","   284,91"
31.03.2008,"   296,55","  1 975,09","   211,49","   73,70","   281,44"
28.03.2008,"   300,26","  1 966,18","   211,07","   73,32","   279,41"
27.03.2008,"   297,64","  1 921,59","   204,43","   73,74","   276,14"
26.03.2008,"   294,11","  1 855,04","   197,00","   73,73","   277,18"
25.03.2008,"   296,28","  1 833,87","   197,26","   76,30","   276,89"
24.03.2008,"   291,81","  1 772,57","   194,74","   75,50","   277,91"
21.03.2008,"   289,49","  1 767,83","   190,98","   74,72","   277,84"
20.03.2008,"   287,74","  1 757,43","   189,63","   73,27","   278,55"
19.03.2008,"   296,41","  1 817,15","   195,03","   75,41","   273,73"
18.03.2008,"   292,51","  1 769,76","   193,93","   73,48","   268,03"
17.03.2008,"   292,44","  1 748,95","   194,47","   72,98","   278,98"
14.03.2008,"   306,43","  1 837,39","   203,35","   77,92","   277,31"
13.03.2008,"   304,20","  1 795,81","   201,86","   76,41","   276,24"
12.03.2008,"   310,59","  1 818,37","   204,75","   79,48","   273,57"
11.03.2008,"   303,81","  1 751,59","   200,15","   76,25","   275,26"
07.03.2008,"   299,58","  1 706,38","   196,54","   75,13","   280,22"
06.03.2008,"   307,52","  1 745,09","   203,50","   77,98","   279,27"
05.03.2008,"   315,44","  1 706,83","   200,47","   76,85","   278,16"
04.03.2008,"   306,25","  1 725,24","   199,24","   77,26","   277,92"
03.03.2008,"   299,66","  1 748,45","   194,23","   77,59","   278,30"
29.02.2008,"   307,40","  1 800,18","   196,69","   81,02","   278,07"
28.02.2008,"   311,13","  1 812,78","   198,41","   83,10","   275,75"
27.02.2008,"   315,74","  1 844,04","   202,00","   84,82","   276,49"
26.02.2008,"   317,82","  1 850,77","   204,40","   84,63","   273,80"
22.02.2008,"   316,91","  1 832,36","   201,66","   82,69","   274,53"
21.02.2008,"   319,71","  1 811,24","   201,37","   84,35","   269,13"
20.02.2008,"   314,20","  1 781,22","   198,94","   82,98","   273,85"
19.02.2008,"   313,74","  1 787,33","   198,80","   84,50","   278,79"
18.02.2008,"   311,79","  1 788,46","   197,83","   84,69","   274,69"
15.02.2008,"   309,40","  1 783,73","   193,37","   83,91","   281,27"
14.02.2008,"   310,98","  1 831,66","   190,65","   86,79","   278,47"
13.02.2008,"   303,01","  1 781,70","   183,57","   84,76","   275,67"
12.02.2008,"   299,76","  1 757,60","   178,01","   84,78","   275,92"
11.02.2008,"   290,29","  1 682,46","   170,58","   83,86","   274,91"
08.02.2008,"   287,30","  1 660,77","   168,91","   84,41","   278,11"
07.02.2008,"   290,68","  1 663,81","   172,56","   85,21","   282,99"
06.02.2008,"   294,42","  1 682,74","   174,42","   86,19","   283,03"
05.02.2008,"   311,34","  1 754,12","   184,59","   89,32","   286,36"
04.02.2008,"   312,93","  1 777,48","   183,40","   91,27","   284,56"
01.02.2008,"   303,34","  1 747,16","   179,30","   90,76","   277,29"
31.01.2008,"   297,33","  1 688,56","   174,90","   89,45","   285,31"
30.01.2008,"   308,54","  1 747,73","   182,55","   92,37","   283,16"
29.01.2008,"   310,74","  1 763,48","   184,58","   92,30","   277,09"
28.01.2008,"   306,02","  1 740,92","   182,03","   90,98","   283,37"
25.01.2008,"   313,75","  1 786,44","   189,48","   96,21","   277,00"
24.01.2008,"   307,14","  1 713,39","   185,19","   94,55","   272,28"
23.01.2008,"   304,89","  1 667,29","   186,33","   92,05","   264,45"
22.01.2008,"   301,40","  1 676,79","   187,10","   91,46","   275,16"
21.01.2008,"   310,69","  1 774,12","   198,96","   93,54","   286,55"
18.01.2008,"   327,70","  1 868,74","   207,01","   98,91","   288,78"
17.01.2008,"   333,96","  1 866,99","   210,09","   100,76","   297,65"
16.01.2008,"   345,91","  1 911,73","   215,11","   101,99","   299,80"
15.01.2008,"   362,06","  2 006,11","   222,96","   105,85","   298,33"
14.01.2008,"   362,11","  2 013,52","   224,24","   104,77","   294,34"
11.01.2008,"   354,51","  2 046,37","   223,42","   104,49","   292,35"
10.01.2008,"   354,09","  2 075,51","   229,84","   102,82","   286,97"
09.01.2008,"   352,79","  2 079,19","   231,25","   101,91","   283,41"